0 77 1 1 6328 9494 12337 47931 7602 28140 4914
0 44 1 1 9156 31544 11889 55642 7747 16226 29260
0 322 1 1 8108 51993 6499 28977 6105 17455 37959
0 214 1 1 15439 40433 23688 13507 24624 48810 12770
0 280 1 1 7812 26995 65066 56045 41175 61027 59399
0 185 1 1 23562 31994 10728 39354 64895 45020 58829
0 147 1 1 9594 15475 54804 21621 44833 19920 64089
0 215 57005 1 10173 41123 44580 45898 65100 59795 9012
0 47 1 1 62141 8519 7952 40580 58411 37302 50566
0 342 1 1 60515 46591 22026 15347 64709 7727 28600
0 393 1 1 32455 52153 51242 65078 10561 21805 58875
0 205 1 1 17947 56429 36493 54433 47024 49865 30245
0 77 57005 1 19830 30403 30583 1581 63565 23900 34438
0 144 57005 1 54912 48398 41761 16448 7076 59853 51429
0 204 1 1 63114 52486 8158 24983 8827 27363 57753
0 83 57005 1 6891 13419 30 19826 13299 47659 3342
0 36 1 1 49313 19470 33063 45533 47731 62147 16101
0 59 1 1 61078 62966 63417 40875 11257 18889 13393
0 383 1 1 34702 62733 21160 3027 26897 47415 19215
0 353 1 1 3544 39071 11928 34224 48064 21894 46621
0 395 1 1 43209 29234 25578 31377 52518 29719 26203
0 265 1 1 3798 3661 36623 61897 33970 25381 45125
0 228 1 1 45812 47793 10556 28896 13389 29733 61614
0 100 1 1 63262 250 62845 45089 11112 15716 50926
0 400 1 1 26125 62656 23399 56875 43583 11370 51883
0 237 1 1 11130 20821 22282 16651 3610 19811 60994
0 335 1 1 62174 45928 20435 17168 2804 1866 13470
0 269 1 1 18251 56860 25533 27661 3669 33008 27889
0 149 1 1 42728 33995 54920 17180 7982 46371 60052
0 298 1 1 55132 17139 19901 2451 57688 24000 515
0 397 1 1 22589 18554 62061 15772 8094 42727 63240
0 397 57005 1 7447 32570 25074 36296 5531 12811 59267
0 287 57005 1 8305 58097 42678 26136 36331 59289 62657
0 259 1 1 34025 26553 58658 17974 54609 15941 51427
0 226 1 1 31541 56143 9584 27877 39685 16036 20243
0 366 1 1 47996 18740 33175 17990 61307 28781 12337
0 203 1 1 21337 29322 21163 56560 52928 44448 55217
0 100 1 1 12084 47966 2553 44299 60118 57731 2370
0 196 1 1 38725 8426 14791 29957 13733 11018 34808
0 139 57005 1 23796 35447 16981 55345 33896 53208 19577
0 274 1 1 64829 42866 11725 36577 7540 24031 55747
0 37 1 1 2206 11608 34151 10976 29151 8732 34662
0 62 1 1 44453 54756 35108 16937 5663 31252 14346
0 82 1 1 23743 26446 40893 39977 26983 38005 58417
0 256 1 1 35457 45482 2380 32826 4843 2011 2416
0 375 1 1 24832 62227 32201 58596 13930 56646 64880
0 201 1 1 40341 28204 30089 44918 26034 18313 53044
0 177 1 1 17015 1868 9269 33501 56458 21397 7261
0 43 1 1 49922 36953 31747 38411 5929 60221 24294
0 80 1 1 474 34503 47728 43113 42406 32040 4515
0 158 1 1 23980 140 43952 50020 10995 62212 36559
0 257 1 1 32529 648 11908 34625 11764 18856 52364
0 300 57005 1 2948 39275 39877 30514 11073 20349 51054
0 391 1 1 64774 19590 37247 18972 5739 56261 18259
0 268 1 1 2107 30138 11153 4084 5486 17444 47278
0 53 1 1 59164 6655 2469 32054 64132 34575 434
0 233 1 1 12051 8657 62109 33055 9758 34807 30773
0 373 1 1 30243 60337 64742 50142 10058 62784 37659
0 392 57005 1 25990 10154 19323 43486 33284 39900 17490
0 6 1 1 63674 35228 13044 28533 64174 38123 37426
0 237 1 1 15532 26116 40851 11253 61989 2294 37956
0 234 57005 1 58910 35213 50704 27503 27618 9779 11836
0 382 1 1 47127 17380 36643 14768 47865 30327 65259
0 248 1 1 20849 470 64447 59082 53139 39577 18442
0 213 1 1 41428 15847 43427 228 42539 44338 52200
0 61 1 1 25656 1536 37988 33189 48787 8516 51498
0 199 1 1 10013 47278 56105 36065 6326 36783 13331
0 26 1 1 37437 19518 32679 34829 57178 41366 24883
0 395 1 1 56065 3802 52434 26664 10561 6484 53855
0 230 1 1 18162 37513 63645 6419 16686 22382 61890
0 212 1 1 39029 33520 34100 53242 31282 39431 63331
0 285 1 1 15694 21932 21188 9852 27246 65152 28839
0 231 1 1 58977 56023 18297 25219 31992 11890 22897
0 175 1 1 41849 31342 48274 33863 26495 2632 54104
0 196 1 1 27525 49396 35420 44328 8134 65292 36374
1 294 0 0 0 0 0 0 0 0 0
0 64 1 1 28306 12137 35523 32565 50405 52396 58439
0 221 1 1 2858 16678 4226 55731 62032 64202 23
0 37 1 1 61361 58844 32566 14292 29333 20234 19931
0 267 1 1 14272 59942 11141 5183 179 16469 30484
0 291 1 1 39817 16772 33003 57334 14697 13034 9221
0 153 1 1 25126 50866 34194 29305 150 1371 39520
0 235 1 1 41465 31766 62299 30771 32382 3837 53976
0 360 1 1 7249 2855 25443 65314 55052 10628 33719
0 116 1 1 48525 29725 64611 4469 44309 55123 47489
0 349 1 1 885 38287 8838 26898 64971 26268 40857
0 392 1 1 30252 60963 29024 34736 38657 14287 64980
0 312 1 1 29271 63576 54660 7394 19186 51571 7124
0 109 57005 1 18600 54445 6794 7882 24130 51553 58935
0 364 1 1 14838 10402 21709 43154 24993 24315 61291
0 159 1 1 49626 49005 43476 57990 22185 14281 376
0 40 1 1 46067 55074 16214 27184 49824 46744 40461
0 221 57005 1 62057 25652 48852 58503 25300 42376 47742
0 377 1 1 3969 53844 32507 53054 5328 49226 4568
0 237 57005 1 8126 33687 25551 8238 44442 47575 35692
0 171 1 1 5712 34363 41482 36127 38981 494 8563
0 12 1 1 14058 62283 61045 50661 32905 56352 64680
0 67 1 1 23978 1141 39756 19833 30951 42965 41883
0 235 1 1 10356 25862 51338 20963 32415 53445 8484
0 332 57005 1 42697 21062 55909 13791 9458 34719 11020
0 106 57005 1 65336 58584 22700 30696 17423 54636 60414
0 317 1 1 30793 15881 38525 38506 36621 35083 48886
0 377 1 1 57592 32431 24344 32157 30867 20096 36877
0 296 1 1 8494 51913 32984 32237 30327 13178 60806
0 18 57005 1 62228 30292 58759 49004 5290 38492 30525
0 61 57005 1 25449 9845 48789 23299 58866 34071 830
0 54 1 1 45835 28527 4909 48327 44566 18529 5788
0 104 1 1 5011 26665 1491 42893 53607 48733 24267
0 317 1 1 26661 4124 64962 63374 8293 53499 13289
0 202 1 1 20257 11947 21455 52136 35542 53711 37132
0 341 1 1 6731 40941 46816 54274 54584 2387 47681
0 329 1 1 53080 26695 770 56906 20521 55542 14881
0 46 1 1 47805 60411 21305 17036 1944 6775 18677
0 328 1 1 51998 11669 48607 22503 19121 45605 37132
0 82 1 1 8794 14259 50296 64292 25865 39533 16600
0 22 1 1 63273 41225 6995 50842 11310 21007 29107
0 207 1 1 25704 61991 23981 28591 5467 52395 20510
0 196 1 1 19590 32382 25243 5386 4997 42493 15431
0 199 1 1 40136 55059 40397 32670 55802 51014 48162
0 228 1 1 23430 3063 459 64159 60984 30834 58565
0 390 1 1 60068 23536 62025 52473 14034 8797 16836
0 183 1 1 12021 57929 5343 5328 17074 10779 41120
0 398 1 1 10481 7112 49527 17850 3389 8700 14363
0 99 1 1 64470 37733 21641 28983 8587 45992 33059
0 81 1 1 36043 59821 18818 33313 62928 27305 34454
0 315 1 1 41822 48793 4827 26075 23867 52883 21132
0 325 1 1 42968 49393 22117 34647 15083 6366 47156
0 231 1 1 13711 33034 51675 48688 34701 49248 48358
0 295 1 1 43362 10667 57970 30152 23167 6329 38847
0 264 1 1 40979 234 4429 29050 19577 38138 56653
0 213 1 1 6262 17304 64014 29787 5974 2921 7129
0 1 1 1 39811 13941 46812 29394 54163 39472 17527
0 187 1 1 62246 20791 17661 1849 31927 19570 59094
0 49 57005 1 18965 35358 52684 34634 1506 7357 45918
0 304 1 1 58163 64599 32571 21639 52 5767 8064
0 272 57005 1 24334 31151 20868 7651 13751 1618 25855
0 72 1 1 54426 22890 40551 8358 39356 6355 62642
0 366 1 1 49172 57232 60983 10548 59308 22988 29615
0 53 1 1 5087 16156 43976 34511 6885 34863 57154
0 351 1 1 34772 38747 28442 11196 1995 22252 34127
0 120 1 1 26578 20864 42843 25157 50948 43064 31348
0 194 1 1 61537 61884 836 3475 57306 30648 40337
0 108 1 1 10197 22484 18952 4314 3526 14666 13982
0 318 1 1 45201 18591 3766 4046 5459 18140 5589
0 356 57005 1 6119 8619 47632 26124 8643 50311 14039
1 126 0 0 0 0 0 0 0 0 0
0 104 57005 1 4512 11464 37665 62536 13091 17387 12826
0 387 1 1 38595 41830 44107 55543 34230 2741 45993
0 131 1 1 6344 48237 42051 62401 37702 4060 54122
0 15 1 1 12884 45453 61465 6306 28386 11913 37632
0 87 1 1 26481 37792 7073 571 45587 64333 12542
0 251 1 1 24185 64825 45506 34154 20826 37189 28143
0 358 1 1 21730 14407 10601 64263 13704 42813 46611
0 48 1 1 51720 11294 55329 3299 48752 27016 39733
0 134 1 1 22427 49716 30615 60412 16630 4441 45676
0 297 1 1 20358 59022 42380 22223 60706 57514 33713
0 296 1 1 43785 60557 31187 25109 35059 39519 20262
0 370 1 1 32450 42803 45695 21092 30960 43001 24808
0 132 1 1 13343 21574 13321 25615 50362 19786 19440
0 154 1 1 57006 35890 25715 14323 14007 36805 27059
0 198 1 1 1653 52300 57216 29157 38825 60722 2898
0 72 1 1 53046 723 31756 56364 55201 29958 29963
0 347 1 1 16281 59493 56692 41027 34053 12827 54995
0 124 1 1 20507 32775 55519 63274 59663 2576 53653
0 265 1 1 23994 42998 1393 50948 64204 13943 4999
0 128 1 1 21081 26189 45640 13249 59871 26867 62355
0 262 57005 1 48485 44938 53785 59888 27536 24091 51444
0 263 1 1 16042 46592 7421 33090 35960 50048 52387
0 31 57005 1 54864 55121 46153 34754 14320 29416 39779
0 379 1 1 28693 51375 60570 27788 21565 16947 9030
0 324 1 1 29620 19171 46285 54170 61354 38580 16405
0 399 1 1 46497 30206 35051 49302 33233 55850 24364
0 246 57005 1 36858 46920 32108 39560 41985 62855 63559
0 219 1 1 11196 47504 20021 39736 50477 7479 11177
0 289 1 1 18402 45239 1964 1504 27492 9437 38403
0 128 1 1 18708 30623 24335 59239 45409 20011 27333
0 206 1 1 22008 11849 38934 25869 64810 27931 10304
0 224 1 1 15332 15521 34667 54924 30693 18263 62028
0 252 1 1 63487 61222 18929 64405 32317 65296 21576
0 276 1 1 865 21018 42032 61336 65222 38904 61048
0 191 1 1 9882 23660 47235 3739 2694 6012 43313
0 48 1 1 63527 18938 4442 27965 54472 16633 44381
0 48 1 1 47993 44736 62198 27620 37244 57041 44820
0 216 1 1 6910 37899 38388 46553 64714 52917 43741
0 257 1 1 45194 26677 64512 15457 43371 25206 41562
0 365 1 1 11478 5249 52281 53219 6514 52229 39374
0 55 57005 1 24895 62266 7883 49288 19274 10879 27852
0 20 1 1 60015 22793 13285 23763 4846 55256 13186
0 335 57005 1 18179 40546 33816 39589 24219 55284 4488
0 163 57005 1 7158 65243 5161 15577 55190 53038 58519
0 34 57005 1 50743 20354 62317 54056 13375 10869 61891
0 108 1 1 2035 55967 626 1222 15947 11552 28605
0 62 1 1 2330 36103 31754 59084 24564 6571 47955
0 396 1 1 18979 11048 38422 65286 60369 33298 6902
0 16 57005 1 1930 10443 50980 40771 40959 21757 63744
0 311 57005 1 48177 57504 61577 21819 18993 15296 47613
0 330 1 1 54783 62516 50559 59343 35649 43763 38323
0 143 57005 1 43521 2031 19807 40448 56172 32258 49371
0 198 1 1 30717 59148 37133 220 42143 34477 35130
0 216 1 1 5543 37817 18437 19267 35893 65532 45462
0 273 57005 1 63538 50035 26270 30675 40562 7544 51838
0 238 1 1 33388 1228 50459 60256 11495 46544 8209
0 119 1 1 34018 42073 62467 26459 24792 27878 25206
0 47 1 1 37984 47556 47040 52755 19530 32283 5845
0 252 1 1 13909 48715 60743 10713 20467 41391 3979
0 176 1 1 2696 12331 4401 26823 63742 27994 34288
0 398 1 1 12728 58571 17157 33291 4963 44412 26344
0 92 1 1 3607 6684 4562 48448 60067 63810 8412
0 306 1 1 15717 11790 33710 41774 30567 11768 51526
0 93 1 1 20935 48616 30818 29061 22560 5063 33536
0 180 57005 1 3641 6165 33803 63363 7309 13245 18978
0 386 57005 1 26076 39163 57839 13817 61698 42456 48717
0 131 1 1 49149 63086 49760 22095 57853 31255 18762
0 346 1 1 61328 25572 4720 20572 28908 10195 48902
0 383 1 1 58621 12712 50473 2848 9850 59288 44535
0 165 1 1 62591 15153 47976 18712 43513 29052 7435
0 92 1 1 18967 57536 19581 34917 54822 53973 32342
0 79 57005 1 38869 43844 21993 34166 64357 14318 41689
0 233 1 1 14964 20102 7451 27676 62581 37517 15622
0 131 1 1 47746 56630 34278 31283 31214 12788 51137
0 148 1 1 21259 7534 38472 18920 2100 57948 44683
0 261 1 1 252 37538 24355 47198 57049 5314 53600
0 111 1 1 23682 18097 23609 30201 23019 25783 10389
0 44 1 1 64943 35899 22979 27005 17962 25189 40375
0 103 57005 1 53493 7257 45566 43937 36930 64620 11839
1 7 0 0 0 0 0 0 0 0 0
0 390 1 1 34899 32550 24386 48116 4806 21428 48649
0 294 1 1 608 46682 58427 9350 15829 46755 32076
0 164 1 1 49989 8022 38212 14114 64854 58515 3360
0 271 1 1 17612 2711 31920 11611 29320 23906 22004
0 52 1 1 3941 2549 12644 25570 34264 2318 60809
0 267 1 1 58223 13482 45966 12308 23458 5920 35784
0 63 1 1 36650 14423 15995 15930 53169 17950 29810
0 116 1 1 60562 51984 21538 2425 50953 55113 4745
0 202 1 1 6811 47612 44374 52521 31506 43919 57092
0 288 1 1 42025 52506 7019 42582 19218 46323 32674
0 216 1 1 1514 47766 14290 24575 9078 42513 56759
0 102 1 1 2729 29553 18272 55145 52042 59471 6129
0 20 57005 1 34835 35839 4689 13173 32844 15951 1791
0 222 1 1 5166 37686 14816 40030 45554 21886 15778
0 30 1 1 35181 11072 61134 19452 57668 16242 17218
0 208 1 1 35928 31903 11514 37639 59525 29047 50679
0 103 1 1 48079 60408 39806 62633 61468 40698 4058
0 124 1 1 24746 50223 51964 1556 46222 21272 31266
0 165 1 1 64409 35379 37331 28330 38732 7458 2855
0 81 1 1 45612 57669 8128 50841 57658 46414 14318
0 266 1 1 20253 54624 44173 46196 18392 26541 36273
0 265 57005 1 62290 35216 16681 54137 13547 566 53794
0 392 1 1 15394 65258 52100 19612 54776 36609 14552
0 194 1 1 60018 37756 46218 38393 46262 51207 50397
0 331 1 1 65476 49895 58200 39324 24144 39850 19004
0 223 1 1 30400 11525 43264 42449 31804 42705 26779
0 218 1 1 1401 3352 6218 33626 65187 39297 40949
0 275 1 1 57299 56368 51054 60849 46886 5336 46020
0 231 1 1 8948 30051 12971 53676 49075 52545 20213
0 215 1 1 57693 44994 12090 22376 47542 41691 48058
0 38 1 1 23014 14484 38655 45004 55166 20499 38001
0 261 1 1 24655 54035 23908 7886 13974 46292 5546
0 354 1 1 364 40205 512 39905 52109 12910 2023
0 342 57005 1 22963 65255 34867 18837 26023 53883 15925
0 74 1 1 13978 3805 13120 9978 22352 64281 61278
0 313 1 1 8141 1637 42312 18864 31229 46379 36103
0 86 57005 1 13035 8260 45730 25120 58961 50548 2562
0 27 1 1 51903 5757 57624 7154 31233 32680 29215
0 22 1 1 22745 41260 807 59695 39803 54837 33025
0 253 1 1 8850 31841 51091 29019 54197 40521 52245
0 364 1 1 31901 11464 22736 22272 46975 49677 24451
0 3 1 1 38102 51908 47570 15058 43911 50541 44024
0 333 57005 1 16159 55348 46038 32104 50772 25060 61212
0 145 1 1 57091 4576 36586 3314 44750 20433 31693
0 361 1 1 25728 35345 16750 58105 61217 31481 20869
0 188 1 1 53104 49400 27270 38961 62384 26797 29789
0 231 1 1 34178 57717 48233 32276 52972 27858 16451
0 384 1 1 11989 35443 50438 3763 19014 40735 1966
0 199 1 1 23205 30351 42078 24682 14281 8923 47380
0 256 1 1 25273 8639 40799 11526 29677 37823 16532
0 366 1 1 46648 52871 60878 17323 36244 23120 3876
0 187 1 1 46062 54076 3311 60631 32561 52497 46152
0 321 57005 1 38204 15103 35505 28729 5302 53039 5242
0 311 1 1 25963 39724 20472 49904 5142 40752 23549
0 289 1 1 65259 33385 57007 45749 127 14663 37530
0 21 1 1 6205 32041 14573 4866 41753 27543 45306
0 383 1 1 54687 51594 28940 36852 11787 45748 55571
0 174 1 1 59346 7117 26996 56144 16730 64161 24811
0 22 1 1 34235 22876 21455 30933 34115 32727 7783
0 86 1 1 53954 12129 26399 40704 17981 17898 63759
0 343 1 1 31681 770 58331 17445 46066 39239 17484
0 362 1 1 31558 43721 15462 55657 22178 20288 60447
0 392 1 1 27043 15004 37924 1621 47248 63780 27057
0 22 57005 1 36815 39833 25836 14495 40490 58722 14809
0 82 1 1 61428 47575 37946 22032 9413 5974 1417
0 239 1 1 63638 11006 43479 34659 14260 64077 56916
0 250 1 1 42180 1088 47093 11923 37483 32953 32242
0 40 1 1 3626 3315 51809 19023 38838 48219 24344
0 326 1 1 22080 13392 40678 42817 49725 24188 46693
0 163 1 1 17870 48401 33233 31375 7565 5407 14055
0 290 1 1 52851 6625 28369 64799 55440 65474 20641
0 153 1 1 10516 18597 29818 21448 18127 58089 52610
1 45 0 0 0 0 0 0 0 0 0
0 225 1 1 28609 48822 367 4197 55763 18764 37127
0 36 1 1 55208 44389 8220 57500 1153 23105 21556
0 193 1 1 58085 45626 25613 61451 11146 42427 60355
0 219 1 1 20232 52607 10674 7865 43455 38933 55199
0 188 1 1 17937 39231 45011 3649 24752 29161 58634
0 353 57005 1 48760 54575 47186 31488 57850 51949 34220
0 58 1 1 26584 14715 29000 33225 12447 24581 32970
0 363 1 1 60051 29694 14813 10515 53480 9630 57609
0 68 1 1 15022 13381 60291 51375 22446 25119 62273
0 396 57005 1 48937 7543 52999 31051 6189 48804 5470
0 7 1 1 27935 60254 39312 15799 17772 55833 11495
0 318 1 1 26424 15035 46486 22020 48101 44747 1526
0 130 1 1 48891 46787 64092 5702 46326 13060 46627
0 281 1 1 14807 4475 31778 33371 46445 25316 58558
0 10 1 1 57655 14886 2746 63969 14472 9667 33871
0 94 1 1 38015 49914 18906 32802 35220 58207 1808
0 12 1 1 19783 63854 63434 4147 4647 9778 23892
0 317 1 1 51454 62358 20746 58797 51565 30042 9946
0 184 1 1 28352 40797 17160 5722 27706 22246 47315
0 372 1 1 61394 50840 46357 41203 784 43975 63365
0 170 1 1 32602 60215 5948 19114 18828 35738 50388
0 139 57005 1 34349 46770 18231 4471 12484 26115 55869
0 324 1 1 12975 47567 36907 31200 18499 9441 39845
0 390 1 1 47533 32139 45931 53210 43834 7923 44199
0 343 1 1 63106 48140 31905 30777 45775 19766 17775
0 105 57005 1 59392 53081 58394 51914 39637 22140 8693
0 73 1 1 40435 33045 44625 9633 24934 10489 23428
0 155 1 1 61324 46789 56134 8879 63506 41845 22968
0 141 1 1 3024 21569 35133 31051 2630 28614 6251
0 204 1 1 37045 13050 25783 31684 7444 16910 6370
0 37 1 1 44716 17913 661 24664 35472 1966 42322
0 14 1 1 42827 3550 63743 53125 44272 22872 7529
0 212 1 1 11429 43846 64796 52370 33687 60735 1782
0 13 1 1 41082 7342 54412 43144 20536 12248 2438
0 79 1 1 11779 46903 47412 55473 45102 20107 43363
0 117 1 1 33794 62594 4146 40534 59396 36472 47363
0 267 1 1 35904 17283 33150 1184 62359 13079 47513
0 77 1 1 29906 52539 11784 3663 17582 16019 7886
0 278 1 1 23831 33962 47921 19571 23256 21244 3806
0 179 1 1 31796 57875 65396 27936 45118 50990 60306
0 108 1 1 3469 14130 2023 8577 52671 45964 7862
0 116 1 1 53730 49226 29370 4024 33020 2721 34382
0 222 1 1 46439 26634 42735 55785 36527 39119 65352
0 110 1 1 20542 62569 35032 17894 39332 37036 11591
0 169 57005 1 32732 21180 41912 59381 27796 6832 27501
0 376 1 1 57550 23894 56991 18323 39007 3201 14622
0 77 1 1 1235 17482 39676 19765 46094 12785 22117
0 237 1 1 11826 54290 44504 51993 43996 4314 30750
0 103 1 1 2012 4964 17672 30360 56426 13745 2612
0 24 1 1 41483 8461 14463 15789 63878 17800 56161
0 1 1 1 19390 14727 46343 65046 10135 45802 28198
0 114 1 1 35779 23228 1993 34687 35258 9033 5661
0 100 1 1 53493 47528 35023 1388 42691 5427 59472
0 278 1 1 43352 53788 35204 52334 55307 41715 54938
0 196 1 1 50735 50517 53735 18750 688 31338 33379
0 355 1 1 49409 31557 26007 15226 11378 4410 6489
0 207 1 1 42516 57989 41368 59702 122 62058 61683
0 261 1 1 49793 30727 49654 46557 8404 51579 34918
0 313 1 1 42223 9436 29263 34724 34377 62033 45583
0 301 1 1 28996 18623 8631 47722 26848 22168 47945
0 122 1 1 19982 60332 23293 5670 42200 49972 47416
0 219 1 1 20164 32962 49171 13474 47811 46746 39636
0 231 1 1 36046 51845 38076 58484 14653 58892 62696
0 374 1 1 19645 775 17107 48093 64064 31146 48598
0 267 1 1 49955 33143 2328 26326 105 34035 7567
0 302 1 1 35991 42469 33504 31697 34787 57418 11970
0 268 1 1 11643 26434 16816 55462 38070 48708 5754
0 367 1 1 48126 5472 38698 53467 56487 33658 46183
0 122 1 1 16970 25114 48805 8304 26624 43181 9277
0 40 1 1 49729 51545 54357 65090 3354 14130 60626
0 236 1 1 57163 54380 62076 23098 8532 57650 52116
0 251 1 1 1246 30463 26246 52648 5319 38532 43273
0 393 1 1 60279 15482 11803 28928 10110 2028 13330
0 254 57005 1 28263 59543 7209 26192 43986 63280 7179
0 281 1 1 54778 18378 53339 6566 19074 42007 43822
1 97 0 0 0 0 0 0 0 0 0
0 3 1 1 36001 34385 11352 41030 50295 33426 39161
0 284 1 1 55079 6704 40219 39910 32574 49837 57161
0 276 1 1 26477 17268 6829 27198 48995 60846 64092
0 363 1 1 47936 44794 26249 59825 6705 41191 1115
0 272 57005 1 42408 4628 35855 28795 57554 38211 26286
0 363 1 1 59587 53215 58311 26720 26635 7565 23610
0 222 1 1 16313 6417 17956 9427 65162 23614 1860
0 369 1 1 21512 65302 28941 38652 27659 20834 19107
0 398 1 1 27119 13220 61035 12482 26427 11997 6594
0 212 1 1 33762 57987 55650 20294 7427 17484 5473
0 81 1 1 38487 30496 41776 20183 40575 33821 42518
0 280 1 1 19909 30253 51314 4317 42941 49804 20445
0 328 1 1 12267 25972 60876 19519 24110 56342 43670
0 347 1 1 5087 46113 16007 27587 9559 38110 64214
0 178 57005 1 65083 12188 26281 63536 36700 39708 11591
0 103 1 1 35543 29776 39303 4247 13194 172 45127
0 77 1 1 6560 22541 43664 45905 58933 63050 32426
0 168 1 1 23443 14371 39089 9099 59635 12539 14804
0 82 1 1 60476 4705 4420 5191 12743 54133 17297
0 212 1 1 46251 9992 49114 21480 47112 22242 11801
0 169 57005 1 62946 39765 19534 34246 12322 13963 31289
0 59 1 1 35450 15411 42502 61317 32239 21499 5513
0 259 1 1 25914 37156 52916 26667 16661 31442 31410
0 48 57005 1 7033 64015 27647 30049 11408 22449 20140
0 135 1 1 55574 51546 14367 38267 15827 11052 28524
0 119 1 1 8144 32210 9575 44209 12854 5403 28167
0 316 1 1 22898 39794 44836 11010 60527 23960 1411
0 162 1 1 53997 53360 4225 11540 32091 19407 21906
0 77 1 1 18398 26704 25978 28789 43392 8767 373
0 245 57005 1 43253 9048 8210 26088 6596 47921 53916
0 47 1 1 45770 21263 64560 65041 17687 33987 39710
0 27 1 1 21590 57058 50570 39186 15183 8917 33030
0 384 1 1 30420 31471 25954 60018 31017 64568 6580
0 200 1 1 51749 44911 49678 53246 11416 29929 44510
0 339 1 1 55914 39945 589 39383 64101 2143 14496
0 243 1 1 39250 59963 19114 43963 28004 10891 46362
0 201 1 1 4268 38290 44017 11531 35521 24548 57937
0 208 1 1 31684 15821 28353 5442 49236 24131 51074
0 138 1 1 19779 47497 21943 29386 46078 51688 40444
0 255 1 1 24831 21261 51240 1187 46 22983 13597
0 125 1 1 32874 46177 13226 49373 17699 33205 54529
0 38 1 1 43402 58208 34910 38775 47424 40020 49265
0 267 1 1 7823 65289 64663 47673 2358 7468 15604
0 285 1 1 40782 19961 60145 4601 42624 63238 17955
0 3 1 1 35580 18943 24596 6117 51408 22751 36814
0 321 1 1 38164 3382 55142 53420 11051 49871 64617
0 363 1 1 36369 42493 21217 64980 6333 45514 18334
0 264 1 1 8080 21253 40370 22371 40890 7011 39011
0 196 1 1 47200 24529 35697 40554 62224 25867 42060
0 224 1 1 34106 47420 51638 41894 50530 61938 34976
0 57 1 1 59013 53510 20951 41255 5760 19932 36556
0 387 1 1 53965 10022 36095 51333 47545 51844 37797
0 322 1 1 58937 1539 5417 40053 46354 47160 34802
0 124 1 1 12635 54097 14584 40232 21747 23123 15444
0 396 1 1 44793 52425 51454 65511 44149 45838 24344
0 364 1 1 54216 37846 17506 27925 44397 8644 54159
0 34 1 1 30873 56695 52911 28041 35889 17361 19812
0 113 1 1 31288 16376 37041 4387 49931 37681 17206
0 331 1 1 50375 36054 8822 35786 27929 29342 40534
0 48 1 1 10311 47148 3056 9460 15969 42617 28625
0 234 1 1 18187 58572 36052 7746 58418 4229 5191
0 275 1 1 14489 63402 29421 38554 44577 43389 30184
0 111 1 1 27391 36924 3996 29227 22680 3718 35134
0 217 1 1 35878 11733 14729 52447 51158 53612 29659
0 341 1 1 7172 48673 43178 32997 9356 62636 17529
0 220 1 1 59592 25000 44784 24892 14664 52805 21701
0 144 1 1 10020 2166 57490 25913 25786 34813 26368
0 286 1 1 38827 3003 2067 8222 46387 26953 54776
0 6 1 1 34575 46580 21449 41376 46473 40074 13796
0 22 1 1 46564 55183 3851 59645 13389 44949 13985
0 78 1 1 61769 63703 10845 44254 41749 62422 16818
0 55 1 1 32930 50974 27431 46375 33022 2781 25308
1 142 0 0 0 0 0 0 0 0 0
0 265 1 1 50351 21096 57236 17541 18129 1687 14565
0 109 1 1 49664 3618 1195 11278 60779 5668 26733
0 293 1 1 9303 42384 44361 60524 63508 26964 961
0 124 1 1 46476 50149 13633 12852 16546 26201 57676
0 233 1 1 57623 8854 7047 61690 22147 52457 31429
0 367 1 1 61828 18582 15517 65270 50029 8223 31273
0 117 57005 1 29383 5018 31800 12294 26231 123 4989
0 238 57005 1 31516 28782 5796 54229 34466 5416 20108
0 239 57005 1 13607 12658 24502 18776 21340 42372 13866
0 261 1 1 50019 296 9455 3894 11222 10174 7109
0 338 1 1 38137 59910 52030 1000 27332 3155 24558
0 259 1 1 60029 27362 16010 27149 56236 14470 11318
0 279 1 1 12324 11513 31317 13292 11768 48180 35913
0 154 1 1 38760 19375 64767 43889 25169 910 10335
0 38 57005 1 28033 50511 59719 53397 27633 10460 2826
0 30 1 1 4013 17699 56462 7184 23568 38452 57899
0 130 1 1 33114 39391 45676 3716 42521 50107 12414
0 83 1 1 62038 42724 35939 32734 1724 54056 2742
0 118 1 1 46765 43084 226 31297 44908 10392 21142
0 53 57005 1 41113 55705 44165 48119 8422 15972 60035
0 82 1 1 6999 32106 53412 11749 27836 28581 37668
0 386 1 1 1786 34103 56542 15509 23105 57408 21814
0 353 1 1 37264 51238 32570 44792 33702 3627 12027
0 353 1 1 34015 18615 9097 8903 51266 39832 10215
0 32 1 1 1905 9627 47382 9762 18642 14793 64709
0 331 1 1 35842 58986 23316 13118 33415 39736 51744
0 209 1 1 22704 58317 12431 60375 44871 42295 27007
0 15 1 1 29655 13969 27377 45973 43980 36392 1285
0 97 57005 1 11729 20714 40890 34478 23672 5984 18829
0 246 57005 1 7502 50202 33284 11658 29262 8133 8493
0 151 57005 1 17048 46579 47662 23111 18135 48415 32983
0 189 1 1 14610 32544 21734 37392 49908 3943 29357
0 99 1 1 50355 47887 31571 61838 34461 988 6628
0 50 1 1 48411 30777 36941 3852 61943 57454 63888
0 59 57005 1 64507 12285 53043 15436 63564 62851 22782
0 118 1 1 7957 15507 25007 8900 34876 47335 58185
0 240 1 1 44374 7509 9373 29151 63434 28294 49311
0 56 57005 1 56604 7336 31422 22367 41454 27837 13303
0 42 1 1 61404 60415 17266 9756 59377 41657 12836
0 105 1 1 47347 8932 15690 62255 63121 33727 23589
0 260 57005 1 3207 61643 4222 30682 65404 18258 47774
0 74 1 1 42206 5472 48198 23819 29738 2051 60094
0 370 57005 1 28438 4706 37377 57542 18413 25104 39904
0 383 1 1 26130 8681 52689 3280 21650 1652 47175
0 247 1 1 62528 48983 64500 27822 28361 25218 61661
0 103 1 1 59844 35517 29659 42176 4163 53343 23266
0 175 1 1 3008 49013 21243 31251 20 20291 33796
0 310 1 1 50665 18047 34219 31514 15798 35899 54529
0 76 1 1 17729 42102 7461 21987 30711 55423 21954
0 299 1 1 53599 33184 29224 19760 35249 53444 12431
0 26 1 1 13645 2294 37963 9245 37875 22960 18136
0 215 57005 1 49394 39357 15282 58494 31948 65482 48439
0 267 1 1 25255 57146 9964 33206 50068 23792 33509
0 329 1 1 48007 33742 9623 7481 61824 27831 43006
0 4 1 1 44568 23625 61014 42502 30527 56444 11658
0 106 1 1 52566 17554 30473 48602 47143 49818 64794
0 392 1 1 29172 28173 34868 14823 4675 17825 53233
0 315 1 1 10196 61547 59522 43520 46619 45233 57307
0 161 1 1 63137 2308 21094 51646 48458 15354 38297
0 281 1 1 32580 25729 48393 39432 33523 21418 8484
0 307 1 1 5980 25993 1966 54035 35709 3808 9181
0 2 1 1 11243 32626 515 22752 30142 22876 34751
0 364 1 1 30980 2531 3138 14972 10809 11598 25996
0 76 1 1 9613 45735 41963 38242 54707 62762 33884
0 170 57005 1 11000 34601 21293 34807 11979 8310 6858
0 356 1 1 17270 43077 44787 64460 18489 24693 6717
0 384 1 1 55419 50493 38685 2179 30069 40813 9457
0 241 57005 1 19955 25073 59265 61398 30309 12231 61851
0 289 1 1 1723 25260 28283 14142 59941 31578 33886
0 256 1 1 43495 7481 4050 29987 3081 28964 38116
0 108 1 1 59538 25209 24109 26822 40781 34181 17200
0 80 57005 1 60677 44418 40590 51972 41347 40158 7295
0 396 1 1 11683 38464 6432 42602 30978 19824 22974
0 322 1 1 60523 3961 25913 42019 15674 47557 62450
0 270 1 1 9822 13921 9182 50728 57317 63376 8743
0 129 1 1 29082 58933 41712 62507 54840 48715 58568
0 399 1 1 41245 6691 13755 59733 11516 36515 17439
0 19 1 1 16902 8283 61062 4603 39318 8983 44669
0 223 1 1 18982 51624 12326 6714 4179 37752 17700
1 271 0 0 0 0 0 0 0 0 0
0 358 57005 1 21493 53260 22165 31412 22765 50708 55808
0 362 1 1 16157 31827 60041 15332 12017 34022 50687
0 242 1 1 24242 37841 60978 51537 26458 16991 25383
0 251 57005 1 44413 32495 3625 33443 61500 19467 42105
0 160 1 1 44774 24579 54843 7390 15 30371 45063
0 5 1 1 33335 5158 4918 42868 29874 41653 34862
0 187 1 1 46252 51696 49577 37219 14449 29772 1650
0 346 1 1 32030 6844 22468 19730 40211 33189 42717
0 194 1 1 40253 17510 31431 44093 7189 45256 22630
0 163 1 1 18230 6291 59729 44474 61632 60527 28065
0 373 1 1 32682 8390 13159 15512 42878 3406 3351
0 116 1 1 8868 65256 6886 26009 60564 52670 40781
0 244 1 1 40616 61665 41749 45214 40832 46172 13878
0 307 1 1 8970 63442 58475 54580 1547 29765 27254
0 106 1 1 47615 16365 4572 60493 56670 3097 17169
0 219 1 1 24092 38141 46742 13310 29140 7573 28705
0 187 1 1 56815 20675 49884 10092 54632 26440 42894
0 154 1 1 24486 64392 1420 18776 49544 21504 24031
0 8 1 1 14785 47410 7001 7264 27183 3070 28194
0 261 1 1 20242 27968 18832 20081 57444 3986 55554
0 69 1 1 33966 36177 30642 55085 28368 61379 7098
0 47 1 1 44591 21683 31071 33504 30419 22997 30429
0 308 1 1 26476 14392 60601 28290 35722 55628 6888
0 250 1 1 58015 11316 9127 54400 18626 41934 60289
0 87 1 1 44046 53510 32128 26066 29842 21132 53756
0 182 1 1 39739 40637 21224 28640 58397 11139 18684
0 98 1 1 16313 38814 24064 54740 62876 57648 63733
0 242 1 1 61790 25946 61843 18959 22176 30528 9606
0 180 1 1 9125 52873 13164 46411 55727 43984 46136
0 360 1 1 51369 19965 60986 840 5458 62495 46461
0 322 1 1 52644 56697 39088 20508 513 19046 47952
0 347 1 1 42810 28793 44572 20500 52759 23909 37441
0 59 1 1 3506 42364 62864 57778 64972 36002 47637
0 266 1 1 45854 42611 62510 15237 43597 33364 50740
0 312 1 1 34157 2196 48560 50817 8807 47560 1572
0 141 1 1 37740 64885 21000 49448 2851 9925 25316
0 107 57005 1 18426 19253 40779 29882 28740 7548 57229
0 135 1 1 14039 18863 11742 19472 56889 25288 5225
0 383 1 1 50562 55341 12211 23524 16556 39543 4993
0 43 57005 1 16283 5113 2856 42966 22081 14724 60734
0 82 57005 1 25880 46913 25956 47269 15845 56945 42636
0 200 1 1 58478 30493 63317 3207 22950 21700 23579
0 77 1 1 7724 58396 4398 57616 1809 59190 57539
0 11 1 1 44168 51895 19328 6306 18673 65111 22943
0 352 1 1 603 735 47442 54277 24779 49876 53580
0 170 1 1 21137 41464 49361 25016 35251 27650 561
0 352 1 1 34378 44147 20768 64060 36059 10875 64492
0 387 57005 1 56110 10828 54308 38546 56004 572 11438
0 301 1 1 13487 49341 36259 14901 57064 57907 33633
0 41 1 1 48280 12789 4677 64730 39231 28115 8524
0 335 1 1 48563 26960 55935 36389 59797 41641 52593
0 349 1 1 61967 15545 6072 18991 38688 7015 17190
0 180 1 1 49350 32650 34041 4359 58303 62640 3351
0 44 57005 1 4510 28234 60890 61476 10551 38141 44987
0 311 1 1 17907 15740 24370 34115 44085 21527 21468
0 114 1 1 29338 32792 34021 7986 28987 21112 39575
0 394 57005 1 50217 58136 27818 12888 54568 61558 40993
0 349 57005 1 50271 30413 60728 63028 25681 33921 21036
0 266 1 1 41714 53102 21986 17969 61640 61547 64639
0 137 1 1 12964 65206 43056 21250 44932 12497 48192
0 194 1 1 18394 65361 37042 43287 50467 23358 41137
0 394 57005 1 26813 60070 16252 37255 59670 48427 47490
0 324 1 1 22922 47231 24685 24958 39358 38413 32009
0 363 1 1 8438 55114 1289 27477 9294 26970 15487
0 385 1 1 14465 37577 13200 25318 232 34939 6454
0 218 57005 1 36764 41025 1158 54492 45878 23689 1712
0 293 1 1 23493 29380 13324 27599 15941 35055 42400
0 345 1 1 53093 3524 8818 55634 14483 35442 19388
0 219 1 1 2893 3571 7136 56039 50489 21118 48732
0 371 1 1 17484 47054 48505 33432 18568 21308 20731
0 77 1 1 16356 20976 40538 12591 65087 54093 60729
0 278 1 1 7614 30956 55399 18412 31031 753 31707
0 182 1 1 12135 62580 50793 56276 43977 62438 5448
0 113 1 1 6415 59326 31305 4930 23712 25980 9109
0 133 57005 1 43468 11645 44409 10333 55520 40438 9724
0 262 1 1 58576 32031 20276 22554 40022 56616 42505
0 54 1 1 56209 21753 5952 65242 16046 20523 7652
1 145 0 0 0 0 0 0 0 0 0
0 20 1 1 13429 25068 53009 22032 30005 27456 56793
0 132 1 1 11987 31478 61221 467 29193 52215 13234
0 101 1 1 37707 47753 43905 32527 34893 43277 29175
0 19 1 1 56453 9057 20412 11119 9234 7451 25153
0 134 1 1 13091 50126 64021 33160 25430 13001 64960
0 288 1 1 38265 8318 62064 16635 18520 8796 63396
0 223 1 1 3296 24227 5927 9817 14796 42210 31460
0 27 1 1 35160 45609 22353 48066 53300 36297 21207
0 224 1 1 471 17304 11988 56448 30827 20365 34167
0 367 57005 1 49884 12053 28966 474 20054 5546 46351
0 43 1 1 41721 57932 25760 40784 26760 63303 44222
0 64 1 1 29169 36361 16867 2933 54890 56326 24305
0 22 1 1 36148 15584 58441 49151 62436 32632 49174
0 278 1 1 52694 4173 33658 63252 42031 27907 59248
0 183 1 1 59639 47115 11298 47235 27181 30645 56645
0 335 1 1 33529 48031 2196 35755 7978 44795 47266
0 16 1 1 40046 30055 44616 44160 61896 14230 24382
0 249 57005 1 25826 35370 63858 5665 17188 44418 55066
0 224 1 1 20366 41162 20173 24034 20682 46166 36822
0 31 1 1 32162 43450 4810 22683 7064 55996 55578
0 98 1 1 49105 15641 14596 35600 57610 52098 33459
0 10 1 1 24359 49713 1452 48728 14951 42082 43640
0 64 1 1 24696 27112 2671 30373 38508 12887 26239
0 362 1 1 31549 30584 61772 42205 15896 4770 42642
0 264 1 1 11797 60321 16035 31112 27893 57738 40806
0 213 1 1 2017 29916 15204 43506 52355 31506 55362
0 124 1 1 31531 49441 4975 39815 35282 61523 62803
0 239 1 1 7127 49848 60548 29862 22962 61539 50755
0 81 1 1 13710 34077 57727 11920 40719 60536 27853
0 354 57005 1 12255 11924 24093 48356 629 56700 53784
0 259 1 1 45592 48291 22180 13134 64712 14941 48734
0 277 1 1 50795 46894 43971 35909 37222 11069 48415
0 58 1 1 42934 18029 43048 14933 44383 21154 54710
0 11 1 1 47297 29131 52694 480 21231 25913 58501
0 184 1 1 30503 22584 59933 21573 49144 7634 3769
0 192 1 1 42040 52623 5528 65145 61910 25890 22674
0 34 1 1 24409 33910 17846 22497 41154 38064 17565
0 366 1 1 14584 17662 35878 40458 39454 26361 29122
0 343 1 1 41910 16551 47712 64695 58782 21514 7784
0 334 1 1 10589 4350 19346 35071 9202 23225 3062
0 8 1 1 30116 57675 11394 59496 31281 23917 26612
0 160 1 1 44410 3412 17261 44115 48853 8662 9456
0 11 1 1 15834 6631 20929 38349 36535 39414 11452
0 104 1 1 57696 36822 721 7721 37527 29839 40356
0 46 1 1 63440 18809 50050 60817 49373 59760 25782
0 143 1 1 32477 17459 40057 51916 5977 29370 12448
0 111 1 1 48262 60489 45605 63532 3482 46784 52586
0 107 1 1 65043 53221 20487 20196 55714 24191 61844
0 259 1 1 25933 32602 46306 12366 34561 36171 45691
0 325 1 1 36949 49398 28540 41381 57327 249 39669
0 130 1 1 18067 16442 22272 38280 12535 57063 61219
0 223 1 1 57251 24785 13201 20464 53994 22584 19543
0 162 1 1 56886 50854 36383 19518 13075 23980 24897
0 82 1 1 25313 57628 63719 12992 2191 26114 58236
0 19 1 1 13358 57061 28524 40160 29918 22538 45450
0 190 57005 1 8550 20660 40240 20104 33091 13251 7852
0 293 1 1 6617 25877 32559 26978 11018 33509 33118
0 44 1 1 23906 32816 23 39337 60490 29252 48699
0 370 1 1 29289 1082 15000 43160 14174 59276 64265
0 399 57005 1 29553 27395 45968 4806 41078 50884 53968
0 333 1 1 51440 29330 40956 54777 9527 57762 57289
0 299 1 1 62388 35980 23352 53256 53438 27668 6436
0 286 1 1 32127 15518 10466 48358 56479 1166 1741
0 132 1 1 20684 25248 61602 17166 39351 56889 26814
0 73 1 1 336 38834 2870 50062 57884 42597 30342
0 172 57005 1 6361 10353 37608 5643 38706 40071 21283
0 59 57005 1 8930 39191 3297 48326 23551 51767 54386
0 62 57005 1 60814 39335 63846 58186 50212 13987 57058
0 116 1 1 26197 42175 62944 49638 51535 36540 14356
0 300 57005 1 58846 34412 26611 20109 57734 51086 36198
0 185 1 1 22453 55755 19487 35756 31202 16095 2183
1 213 0 0 0 0 0 0 0 0 0
0 17 1 1 39686 57650 8266 13413 14310 53094 39523
0 259 1 1 2534 49212 47723 16599 62045 11628 2071
0 13 1 1 29157 10681 11866 25490 9237 17950 37960
0 213 1 1 31585 40993 6148 12790 53506 40017 7654
0 57 57005 1 8389 28160 36413 65128 37932 24464 57290
0 10 1 1 42643 39200 36020 11213 12336 64979 44619
0 117 1 1 41498 38176 40378 49003 32431 54033 35888
0 304 1 1 31592 56913 60965 33709 26738 17683 16776
0 285 57005 1 33731 22997 47233 33962 25425 52324 60627
0 89 1 1 12580 39368 13695 24175 62343 54999 5652
0 97 1 1 51389 51254 55683 25649 49099 37456 52736
0 337 1 1 51867 24631 51186 18463 44255 61024 4801
0 41 1 1 9974 22604 47108 35083 60189 62299 43572
0 159 1 1 24110 23170 22321 11611 20404 27789 62706
0 172 1 1 20287 18811 29313 43134 37827 39665 10766
0 136 1 1 1584 57087 28825 49794 61124 1656 57746
0 323 1 1 55 12310 29940 52843 33159 31522 3183
0 303 57005 1 54986 11831 32266 58773 37583 27909 7666
0 190 1 1 4175 16332 2756 63591 19198 52244 20235
0 276 1 1 45314 52319 21068 25072 11794 44021 56847
0 99 1 1 42745 6213 48641 13384 4999 43684 33317
0 361 1 1 34105 35925 56368 58385 58913 60527 61222
0 388 1 1 14391 22971 14858 32535 16732 27461 17791
0 107 1 1 43822 24651 43687 58408 63182 6098 22732
0 29 1 1 9962 8816 59316 4047 2337 63012 54009
0 258 1 1 54216 30406 18122 6563 53854 31169 44483
0 156 1 1 54492 51783 7506 1223 42337 4888 56513
0 103 1 1 1578 3516 12291 7269 55427 64209 64624
0 191 1 1 49612 41367 1642 50269 34295 53656 8582
0 255 1 1 49226 13588 64485 12839 53004 13392 65278
0 221 1 1 3261 15177 61556 39866 5998 55216 36248
0 342 1 1 62200 32441 46054 61411 49661 13565 38793
0 321 1 1 6882 43491 40228 30782 52364 3818 56420
0 235 1 1 19170 62653 39839 5915 37947 1824 19373
0 164 1 1 7818 32026 4048 21590 34409 31207 49966
0 115 1 1 42662 18588 13236 32401 57585 50553 45360
0 78 1 1 22934 37866 48587 2439 35484 64626 6870
0 62 1 1 124 52059 8421 42783 43189 9320 20420
0 194 1 1 39793 5298 15964 60235 18764 63858 15825
0 110 1 1 20162 40269 30030 131 7109 33854 12791
0 392 1 1 57413 42962 16959 24266 41095 51456 19040
0 346 1 1 36128 32983 24046 17739 48758 19924 31756
0 355 1 1 15972 26436 40142 827 40152 42341 12866
0 379 1 1 61171 20919 58029 13960 12172 45744 52686
0 92 1 1 9622 878 11969 52590 10939 16475 32355
0 232 1 1 53633 58928 15297 4073 52020 44649 26361
0 123 1 1 57098 45456 59484 47465 16674 50471 8782
0 214 1 1 15369 28069 57245 42644 58240 37016 24591
0 326 1 1 39804 49787 11742 15555 58936 8211 58197
0 218 1 1 33899 51781 13515 30363 20518 56681 25010
0 3 1 1 50119 44952 49296 16189 11047 51431 20448
0 157 1 1 16811 37718 42531 58458 61359 37714 62655
0 313 1 1 18210 22711 33287 2078 54178 3278 35996
0 274 1 1 49049 28002 55974 2645 61400 53884 25764
0 357 1 1 12155 11665 29004 40654 49181 26580 54353
0 190 1 1 59556 56797 47916 51006 14081 29594 9020
0 157 1 1 58618 54214 46007 54801 22512 31438 55814
0 168 1 1 41341 64694 58494 4871 65480 27131 7037
0 81 57005 1 39062 10313 28247 30983 65322 39149 57885
0 275 1 1 10062 5577 8676 22650 27148 12111 49853
0 78 1 1 39575 47378 8773 18563 42559 56103 29410
0 22 57005 1 42587 4480 52824 36592 48672 58416 30530
0 136 1 1 23781 20882 59415 45556 17587 51475 8538
0 97 1 1 47526 35844 30955 13128 43836 50313 30232
0 317 1 1 1689 1246 58279 56489 48730 39520 65424
0 118 1 1 28891 39145 27320 45873 62608 46674 49623
0 42 1 1 1305 3903 50891 41292 65257 27293 57053
0 332 1 1 27442 64137 4796 61546 28588 42753 61842
0 398 57005 1 33945 38289 17948 58094 27000 37363 64453
0 306 1 1 25917 40729 52187 44953 2940 12573 38900
0 178 1 1 25316 19235 22669 54254 37408 15304 48951
0 384 1 1 12639 39766 32994 54195 35395 59638 37142
0 391 1 1 45037 33413 1721 29131 43267 30071 42077
1 101 0 0 0 0 0 0 0 0 0
0 220 1 1 44853 3130 40495 36952 1776 35692 18001
0 108 1 1 48132 44863 15670 23553 55995 32778 11365
0 296 1 1 65381 39980 47984 5569 45026 55146 34364
0 287 1 1 65383 43198 17577 32013 33818 12927 30870
0 126 1 1 4404 25827 31221 17136 64775 45946 65316
0 191 1 1 25208 30228 55735 62413 24598 5915 45044
0 21 57005 1 45779 15430 63622 19518 22865 12624 19478
0 192 1 1 28503 43826 61634 10355 62737 44294 52164
0 106 1 1 45071 2617 64410 64007 26252 26085 15384
0 352 1 1 29387 13104 44173 19611 13416 24962 41602
0 185 1 1 53816 13665 5682 38937 50390 60671 61810
0 138 1 1 39472 3305 24582 64128 23278 10378 26771
0 176 1 1 55715 24669 8325 10806 5745 16569 2070
0 269 1 1 57480 33177 36072 3830 53804 35458 5390
0 138 1 1 27160 27511 31865 19201 3656 35342 17192
0 249 1 1 429 56982 54937 7475 13681 65326 5539
0 207 1 1 64615 64388 22931 19031 52948 17230 55043
0 142 1 1 31352 15107 60263 47703 12839 24003 28206
0 8 57005 1 30320 41048 29951 16249 6170 54808 23761
0 17 57005 1 62593 63485 27649 53472 39534 27008 18774
0 284 1 1 60786 61634 21988 5562 45099 27390 43795
0 60 1 1 57788 13975 15375 43815 19441 6238 35250
0 301 57005 1 55189 7026 16905 43210 55818 55224 8774
0 221 1 1 47410 51266 19321 55947 34240 48684 38993
0 311 57005 1 2219 42383 14949 51801 64977 58838 22937
0 303 57005 1 4837 31350 2012 19835 6732 37475 60977
0 344 1 1 7647 30827 31596 58761 33400 61558 58239
0 198 57005 1 24406 47897 14990 45812 60192 19020 7930
0 217 1 1 8991 58337 62060 17086 13065 1029 55173
0 209 1 1 15956 30007 57608 44907 28490 42564 11834
0 225 1 1 23826 43338 8556 42920 2480 14520 32823
0 319 1 1 44902 4445 58711 16281 42210 26906 22430
0 156 1 1 19508 35056 33379 36129 58544 20450 38427
0 134 1 1 27878 21681 25213 58205 17261 28009 43548
0 88 1 1 39971 52926 62270 51961 20285 47855 6346
0 217 1 1 32852 23108 43715 27115 49981 35592 17714
0 65 1 1 47129 60389 27114 18007 23210 44073 34758
0 1 1 1 56771 24438 9036 34064 11983 27737 14297
0 151 1 1 42834 32581 38165 36715 45394 7132 14879
0 293 57005 1 21535 33827 10241 56321 25257 31738 64067
0 278 1 1 44726 59557 6026 40014 33563 15371 52118
0 334 1 1 38938 13208 26066 42461 36975 35929 35713
0 312 57005 1 5687 11124 50051 45865 24471 57148 44526
0 137 1 1 21575 38698 23543 14528 22819 4021 31688
0 188 1 1 62437 17802 54972 61383 21678 5497 48808
0 44 57005 1 41679 18755 3364 7865 24068 16885 39894
0 352 1 1 20697 53550 20354 38696 41838 23024 17536
0 229 1 1 52755 23642 16633 39716 50477 17762 42475
0 282 1 1 48473 11513 43227 59886 12408 15408 33473
0 312 57005 1 43033 42209 53410 2477 12831 13224 23606
0 361 1 1 55246 34079 41591 7261 19064 35840 16380
0 190 1 1 20140 59880 60376 5728 44528 39857 42099
0 363 1 1 41230 7287 46300 52912 46673 47514 58904
0 140 1 1 9216 39998 11102 25570 56436 5139 5274
0 270 1 1 23670 53773 11795 17476 32661 13488 18187
0 344 1 1 155 31218 6776 29541 1395 31051 20009
0 193 1 1 19553 20480 52162 62773 36419 612 30416
0 348 1 1 63800 4565 47690 57170 16558 59066 16936
0 288 1 1 43428 945 64146 19505 1174 44256 62663
0 365 1 1 52146 48877 3605 64672 5937 16141 61474
0 45 1 1 42191 30502 34223 58669 10245 58291 58253
0 296 1 1 45455 63756 28487 56475 9866 54179 16209
0 260 1 1 16535 55381 27339 31270 29049 31493 29075
0 174 57005 1 35870 37541 7405 1991 54856 39398 51068
0 305 1 1 22266 61748 59548 60800 37481 52592 5254
0 49 1 1 42296 24394 3618 64010 23034 30275 35536
0 189 1 1 14581 43089 819 46306 45777 50772 14722
0 173 1 1 43156 40021 18635 23047 3032 8263 60518
0 277 1 1 41128 28800 13616 283 48921 28269 53623
0 273 1 1 43421 33223 3348 9834 34575 47264 9553
0 295 1 1 50132 33650 2409 45389 54576 3213 38706
0 130 57005 1 6467 7697 31014 60112 12459 44341 9372
1 272 0 0 0 0 0 0 0 0 0
0 130 1 1 18819 10222 60138 58897 30947 23413 36033
0 265 1 1 62166 32880 53596 26102 11129 3225 7527
0 74 1 1 57588 45035 24257 53514 53946 38784 56233
0 98 57005 1 12108 17282 16778 33483 58049 22871 680
0 386 57005 1 47776 41940 2428 7898 56557 34533 31083
0 123 1 1 59134 27439 9835 30086 14111 30174 29223
0 50 1 1 14822 42510 56999 41400 62281 21276 52729
0 241 1 1 42470 49862 58715 24165 13308 12678 59365
0 287 1 1 13779 9604 31513 48544 16817 11004 54034
0 241 1 1 49472 17935 55485 65025 24391 60769 37725
0 281 57005 1 20940 43064 48819 29194 31038 32478 58424
0 353 1 1 51315 64825 57226 18751 26654 29855 45288
0 169 57005 1 40131 15445 62454 23625 60594 61424 197
0 206 57005 1 4796 56576 24631 3543 16561 26513 45103
0 211 1 1 27455 46898 25257 34472 26458 527 32712
0 164 1 1 7591 4787 39196 1801 14295 3216 51190
0 268 1 1 57461 46693 2168 59175 18552 4621 20669
0 344 1 1 60870 40989 35009 61375 2593 37674 44627
0 178 57005 1 9513 57908 555 54722 14626 62857 11963
0 61 1 1 51047 12170 30751 51868 29047 15776 42590
0 311 57005 1 54395 21673 1043 10759 23095 30517 29657
0 89 1 1 44765 51303 7904 45323 57003 16789 65028
0 101 1 1 928 26541 44114 54189 27004 59041 30443
0 158 57005 1 44409 50829 30098 53493 50448 10069 11963
0 49 57005 1 16163 63741 6387 11475 4202 26990 4816
0 369 1 1 29809 55159 51739 31337 35255 45275 19472
0 328 1 1 59933 22552 58804 34626 61130 7746 39616
0 111 1 1 63148 39527 48023 80 16606 9635 14663
0 113 1 1 17175 2617 21101 64769 21012 801 33936
0 187 1 1 26897 63396 323 34076 31950 42497 17673
0 212 1 1 42829 42476 19259 2510 40452 64605 371
0 332 1 1 61835 59929 26912 63460 17794 16015 59442
0 287 1 1 682 41858 24145 24870 49538 9021 2116
0 100 1 1 38975 9962 15141 22521 58238 45384 15215
0 102 1 1 49998 36472 25857 34088 53103 15201 54580
0 129 1 1 13135 55669 24157 21335 17826 36430 19668
0 327 1 1 18622 27493 64698 22203 27107 31691 24230
0 75 1 1 61469 45908 41851 11497 28709 8356 2336
0 13 1 1 10533 13766 48487 31503 55191 44572 49042
0 373 1 1 55467 21267 5876 39209 26824 28367 21554
0 291 1 1 30308 56451 61520 28986 9446 64135 55954
0 211 1 1 39534 57289 34587 64948 5644 58596 65208
0 183 1 1 61622 21469 40406 39153 13793 64150 63439
0 38 57005 1 22502 57585 58192 45631 62657 36315 44346
0 198 1 1 60112 2412 11277 48061 36869 19698 46105
0 398 1 1 54016 64647 684 19548 17389 27020 48351
0 115 1 1 50510 17131 57569 5355 30910 43831 4715
0 368 1 1 8735 40415 48988 54590 64224 37176 49270
0 188 1 1 30480 29183 63503 35511 23354 63823 15148
0 107 1 1 9850 54307 33515 9285 15369 13171 46793
0 252 1 1 61823 10282 62646 48297 33791 19749 65072
0 64 57005 1 21499 26402 65188 19771 29425 62953 34884
0 239 57005 1 52114 34530 30733 37261 13928 38194 6598
0 128 1 1 21585 31476 17960 60321 17522 61605 1245
0 72 1 1 45182 40495 37396 6758 41601 60795 9034
0 117 1 1 58974 20466 33636 14866 18164 32332 28387
0 230 1 1 41157 59808 42447 49652 23793 24384 20083
0 143 1 1 52829 1536 63326 12450 8547 10886 55515
0 82 1 1 13699 29827 30841 6249 42403 11305 9976
0 395 1 1 46504 12828 4490 16388 12844 62098 58466
0 167 57005 1 42938 11268 15774 52477 13910 44227 6866
0 120 1 1 6148 43588 46309 16304 61957 31894 64090
0 60 1 1 16996 622 17579 1344 1283 10131 23004
0 134 1 1 27449 14595 12298 44080 31331 771 23776
0 100 1 1 4820 14931 13224 29176 23391 6503 10420
0 379 57005 1 32882 49638 52289 46777 62447 4256 31277
0 35 1 1 7583 48302 56955 60766 49927 55425 23746
0 26 1 1 42115 62043 1644 19711 2650 34218 41170
0 273 1 1 61245 12149 37843 14998 33552 17138 3815
0 272 1 1 50475 65478 31412 46600 43184 33245 17895
0 154 1 1 48661 32505 40547 9332 3243 3418 39306
0 172 1 1 34495 39071 20997 49550 47840 30094 11689
0 348 1 1 13531 15341 28456 33626 4122 39658 64091
0 248 1 1 55180 61456 2331 46111 36871 4150 60854
0 27 1 1 63927 51528 282 42166 46357 25923 11321
0 319 57005 1 62348 46870 32736 21006 11440 51296 4016
0 191 1 1 13353 5675 4692 50200 59204 2356 19235
0 22 1 1 11681 21563 25232 11478 35213 60747 54012
0 174 1 1 23908 47068 978 15545 8337 57730 13785
0 311 1 1 23814 43508 19563 60794 6055 28320 18669
1 53 0 0 0 0 0 0 0 0 0
0 297 1 1 47202 64489 10652 42103 22704 18753 64561
0 276 1 1 39211 29101 60306 36118 55100 40256 29941
0 82 1 1 63436 47631 49664 8738 35583 62714 7783
0 136 1 1 40062 13926 11247 12446 63731 19524 42037
0 24 1 1 56156 63219 27262 23987 9623 61726 16894
0 339 1 1 15047 60970 64549 16848 50334 2921 46077
0 195 57005 1 9444 48444 20737 64090 31743 37090 57498
0 58 1 1 35048 38649 29232 33363 1502 53829 48415
0 185 1 1 34934 64205 57071 58888 9149 6939 46904
0 37 1 1 8082 65188 33911 29228 7992 44692 2966
0 319 1 1 44528 36251 26575 13674 12958 47089 38093
0 38 1 1 16010 60771 31807 47687 36201 6903 32079
0 348 1 1 27971 50978 55739 40680 48459 47825 42805
0 108 57005 1 9738 64512 9939 24696 47694 61963 1850
0 99 1 1 27212 8065 41743 20635 17116 48471 17722
0 181 1 1 61207 23383 44350 9047 42654 63095 26208
0 148 1 1 7750 6890 8082 60681 42955 10123 22970
0 183 1 1 47889 9067 27606 57661 60314 36347 62725
0 72 1 1 11187 53238 56634 5648 7743 53464 18024
0 360 57005 1 19144 34123 55250 14226 60688 57040 54826
0 167 1 1 36794 8024 24954 17375 46047 25344 45517
0 20 1 1 47755 23787 39337 56746 28153 41609 15783
0 143 1 1 64469 53952 43287 38208 29320 59844 46403
0 367 1 1 56240 55292 11257 38770 14710 63142 19228
0 94 1 1 44676 30647 30665 32210 23976 60711 18926
0 358 1 1 32939 10988 9597 64648 56186 57792 12013
0 186 1 1 48949 15331 9726 11583 52377 8193 48905
0 159 1 1 33073 2731 27508 16853 8456 31166 49108
0 233 1 1 56755 3216 16988 25159 49120 37573 35257
0 317 1 1 18068 55680 19102 64655 36014 26527 15975
0 143 1 1 38530 36283 5463 9741 27395 20437 42681
0 29 57005 1 63793 26627 49344 24299 40040 25417 6366
0 118 1 1 18130 4205 10767 65129 47001 14772 61993
0 163 1 1 51270 4893 55092 5679 50635 45496 5878
0 145 1 1 49601 7076 26244 4352 17591 21324 2245
0 199 57005 1 21518 29182 14760 57143 23140 1724 53692
0 250 1 1 5504 28045 62380 10855 28413 15994 53226
0 38 1 1 60795 28712 5581 59690 22766 51161 63123
0 42 1 1 38713 61432 5732 52068 48378 31236 34279
0 252 1 1 15371 19182 44328 2030 63670 59574 51798
0 149 1 1 28373 4168 1755 31552 60911 12756 16716
0 45 57005 1 29494 12107 17565 49028 53790 3375 47197
0 375 1 1 54646 60558 24489 53977 24109 14618 58041
0 321 1 1 63474 46326 48823 12799 12103 24032 47519
0 383 1 1 26480 62907 18970 61514 24472 27114 43981
0 312 1 1 31678 58826 54386 39604 65243 51368 1782
0 214 1 1 63310 57030 61663 47413 64661 1555 28037
0 178 1 1 37869 21757 27093 8380 12033 26922 46671
0 78 1 1 11846 18817 5503 35601 42467 22851 40157
0 96 1 1 58269 30568 14494 14781 1338 11628 58373
0 158 1 1 23752 23986 53986 24315 11167 19750 8198
0 271 1 1 37073 61262 2766 36394 8971 49171 34599
0 242 57005 1 19906 22071 62601 21105 1470 41032 48070
0 286 57005 1 16900 26342 9633 4580 7423 21155 25370
0 135 57005 1 16243 27869 46863 41134 11066 61753 17022
0 177 1 1 14609 64605 9490 22433 64816 8505 30789
0 289 1 1 20592 22273 28438 42070 16173 28850 25699
0 171 1 1 42527 8892 48353 47454 11461 47199 37519
0 259 1 1 31252 53223 34332 18368 29479 39411 2092
0 76 1 1 34978 10798 43117 846 62517 62500 9561
0 261 1 1 34006 63982 27023 21167 30356 61108 47654
0 382 1 1 35243 34947 1143 14754 64896 61616 37926
0 260 1 1 58441 9526 22303 65239 17129 39893 34614
0 364 57005 1 52315 2775 9221 33502 32546 4099 25558
0 238 1 1 42449 21952 52459 65378 28279 34218 64946
0 81 1 1 36154 10137 23683 960 58152 38803 57261
0 105 1 1 8024 10160 37415 33422 59586 19662 4293
0 152 1 1 53910 16726 33701 56995 48724 59029 45325
0 348 57005 1 11456 624 34681 54182 13856 10234 32728
0 286 1 1 25136 41680 9951 5452 11206 32021 44551
0 116 1 1 42618 57479 23233 17652 12078 31555 62263
0 40 57005 1 5869 15284 58960 17546 34885 16873 45056
1 161 0 0 0 0 0 0 0 0 0
0 277 1 1 6846 50743 34035 38367 40625 55247 41373
0 333 1 1 15731 23856 14062 37792 48374 46710 8202
0 54 1 1 35229 52023 42750 59751 17216 58241 36981
0 144 1 1 24174 14748 3650 31551 16500 47220 2154
0 274 1 1 37738 39806 65517 8718 32721 28432 2004
0 307 1 1 61986 20262 16144 43288 11910 17992 16022
0 357 57005 1 5596 64552 31031 39301 14457 52563 10671
0 241 57005 1 47776 29009 16590 6139 12376 55585 19137
0 384 1 1 63517 30337 52405 62465 27782 50656 22586
0 31 1 1 27240 64523 34727 36401 28428 28006 59998
0 2 1 1 19711 27414 8062 60298 59933 909 1111
0 22 1 1 15672 33956 53781 41102 37526 46419 28194
0 251 1 1 60793 32112 40746 48651 41533 20921 38332
0 192 1 1 14398 41941 18921 62093 54463 57487 45909
0 185 1 1 54296 51247 47193 23041 48397 18350 905
0 28 1 1 44597 23232 62413 64619 17277 53877 29561
0 126 1 1 953 42999 36240 3128 27453 38513 34591
0 127 1 1 19184 217 2650 30101 6760 10637 37130
0 216 1 1 18984 10198 29887 20667 23556 32719 31623
0 37 57005 1 10633 27817 24687 22817 4990 11479 37452
0 78 1 1 20898 18417 11347 49973 39567 12926 217
0 278 1 1 44109 5521 4954 12969 16525 26058 49381
0 142 1 1 14981 20298 16477 5079 61140 33706 20798
0 391 1 1 3143 25858 33261 5620 62185 47429 59378
0 4 1 1 47357 16931 54682 59995 64208 4307 24656
0 280 1 1 27215 43929 51664 3852 28989 40881 28248
0 347 1 1 16448 11245 28384 12908 50756 59305 22013
0 360 1 1 12143 45348 14822 3980 23955 53042 39863
0 339 1 1 17552 18981 17382 24862 11942 34780 33390
0 249 1 1 39880 52522 11700 39108 7275 1736 41545
0 273 1 1 36959 54910 10864 10110 15315 44893 27376
0 74 1 1 54900 18723 45962 23766 50013 55948 19
0 40 1 1 2988 15162 17324 24476 15000 39284 42436
0 268 1 1 14479 25118 25361 53055 5367 12089 62728
0 365 1 1 6281 23619 10278 9791 3519 51480 14686
0 123 1 1 46917 33024 3232 61375 33629 57232 39247
0 282 1 1 51629 11806 55137 17184 13831 52317 36677
0 203 1 1 49970 7671 26164 31963 30272 2091 25236
0 89 1 1 15571 2730 12019 13054 45939 8818 58703
0 14 57005 1 42877 41872 19566 1297 10920 1562 51963
0 310 1 1 54785 23476 45722 28353 33168 24443 43741
0 385 1 1 57710 54827 61284 16348 30717 9782 36663
0 400 1 1 62629 47471 63417 58778 64567 31947 653
0 288 1 1 26927 5600 52586 44440 34322 55064 19360
0 269 1 1 19182 47021 25887 63628 43851 54180 44517
0 355 57005 1 27802 17174 60177 8185 11900 23676 49839
0 365 1 1 57024 47445 7864 33735 29925 28505 30725
0 326 1 1 1783 13742 63823 55228 43641 1457 46105
0 208 1 1 43968 25232 44584 23751 30076 41996 64476
0 185 1 1 15411 54862 29462 1696 64406 15229 59425
0 325 1 1 53204 65012 9438 13762 46809 21994 5581
0 223 1 1 62549 48125 23139 18174 34933 41452 44067
0 168 57005 1 31186 11522 40607 42784 13395 25619 32305
0 25 1 1 55221 28601 23778 15981 58137 31862 54977
0 376 1 1 17095 12320 37440 17568 8650 61911 3228
0 77 1 1 27089 33334 25078 39732 61122 25972 6610
0 161 1 1 614 6537 63721 13909 18292 23250 56556
0 12 1 1 33047 25591 64694 44288 45294 13562 35972
0 174 57005 1 7921 31198 7916 46863 29151 19885 10329
0 289 1 1 59169 61506 16344 1218 14736 34729 59058
0 134 1 1 46907 57238 33363 59151 56635 30129 46850
0 172 1 1 50781 39059 28227 26392 1032 22817 36108
0 397 1 1 60343 8196 42076 18386 64172 17058 56934
0 140 1 1 19808 38579 13325 7880 12186 51972 58733
0 8 1 1 2401 32752 35525 22196 29826 62164 470
0 249 57005 1 9094 52426 43781 30280 18806 56710 15260
0 78 1 1 41887 35124 54444 51229 7219 29069 7598
0 164 1 1 4326 44837 41613 50017 39324 1979 48413
0 269 1 1 50019 35383 37500 51694 51448 61755 20245
0 175 1 1 12339 19863 54050 3575 35005 50538 11845
0 149 1 1 60169 41583 3773 9071 32312 44206 19421
0 89 1 1 17841 35482 42260 41841 18475 36262 10960
0 213 1 1 63414 40692 50525 46084 2746 30142 64394
0 332 1 1 65020 21565 58468 59591 65226 48810 14507
0 117 1 1 27975 43416 7137 38470 35451 51241 37076
0 243 1 1 5954 48848 20652 51794 16921 47910 29481
0 193 1 1 58293 37211 9358 3430 2502 14694 57143
0 158 1 1 18607 56598 30345 47649 60696 9270 55119
0 358 1 1 17331 61851 19860 2742 36867 18367 21767
0 77 1 1 5462 8822 38681 2998 14097 39345 42206
0 162 57005 1 12287 38720 47976 43119 29154 51510 47846
1 113 0 0 0 0 0 0 0 0 0
0 366 1 1 57984 61668 40736 19723 61500 28936 12455
0 205 1 1 47188 48999 18544 50822 23650 919 44881
0 269 1 1 45 20385 4878 40299 59917 38000 2061
0 361 1 1 1145 44476 63986 11969 20381 62622 21023
0 217 1 1 62332 63510 62723 43882 27577 49229 49467
0 2 1 1 14040 49963 46046 56805 4425 37204 8411
0 292 1 1 47395 53000 5777 58802 55203 15456 25523
0 278 1 1 28521 65456 60607 47714 64158 59968 56212
0 249 1 1 23255 31232 5432 49955 42831 39419 25564
0 189 1 1 64695 13759 36735 30132 626 40644 2792
0 268 57005 1 29267 50586 63903 51126 51178 58568 32085
0 185 1 1 37841 48038 44839 20157 53998 26817 7946
0 93 1 1 39268 17676 50058 65435 28687 32859 16297
0 271 1 1 58609 24276 488 46822 36827 24201 6299
0 277 57005 1 34410 47291 24916 49224 25729 4150 10002
0 282 1 1 54343 55549 1148 54994 53388 46183 31049
0 209 1 1 1259 20876 54023 17278 62945 28045 40708
0 99 1 1 4892 13972 39732 35100 41550 22536 59288
0 147 57005 1 9856 41493 46372 19704 38175 5740 55616
0 296 1 1 13758 17546 6298 41964 43979 8588 35937
0 79 1 1 21028 52752 53676 7300 11498 46121 4535
0 385 1 1 59417 41368 65093 52125 39452 53184 45205
0 176 1 1 52690 27530 10878 46502 24619 62589 28917
0 145 57005 1 31923 15145 63755 24579 31382 28995 63356
0 118 1 1 43034 36630 51631 59928 26374 60323 64224
0 46 1 1 25609 39509 63878 6820 24729 52181 65390
0 381 1 1 65021 32886 37257 6455 32710 64680 47362
0 39 1 1 9581 15405 12984 61593 59785 53932 13336
0 312 1 1 11529 59038 13320 33146 58703 6841 2105
0 117 1 1 58727 20835 11833 16318 15113 28087 7326
0 38 1 1 21464 50132 28769 3709 13142 17863 22859
0 161 1 1 60891 1602 33227 47891 11983 7430 614
0 77 1 1 21852 60755 21444 15115 42428 9410 11024
0 71 1 1 63305 19307 15207 43344 57202 4346 64138
0 67 1 1 33454 13040 4112 33468 26758 18424 22192
0 158 1 1 30093 11043 56874 13819 47875 37173 38133
0 388 1 1 55146 35403 6216 38811 9839 17480 7055
0 145 1 1 56250 15480 42198 36997 13922 49308 15278
0 372 1 1 3043 52074 23002 25382 12478 52213 8839
0 156 1 1 13917 41245 49972 54433 27735 56136 2726
0 93 1 1 45377 42543 6031 3067 39312 5106 20268
0 320 1 1 36446 16396 12380 41225 22081 11973 40115
0 317 1 1 63690 59730 7102 39829 62661 39126 26532
0 383 1 1 5746 28915 4207 55805 15322 19732 45480
0 81 1 1 52258 10137 58541 15167 10342 5983 15359
0 367 1 1 25739 59878 14614 21662 18324 37635 62016
0 350 1 1 55790 10965 48820 53614 16936 47958 10090
0 336 1 1 18481 62183 12977 43737 5134 27924 57212
0 373 57005 1 25671 26070 51205 24258 62496 51948 31945
0 171 1 1 6955 62661 56374 347 13942 59647 38237
0 206 1 1 6864 55423 10651 52094 42218 25824 41615
0 72 57005 1 41663 45554 25520 42151 5684 17615 63937
0 66 1 1 7112 7260 36151 53305 24557 39786 15527
0 6 1 1 48342 54759 44360 43552 12322 23694 60483
0 131 1 1 45731 3318 48201 60466 15924 12564 55841
0 162 1 1 60884 54498 19928 20836 6643 32045 19661
0 136 1 1 41105 11297 48574 33982 60060 43219 34315
0 213 1 1 23897 28408 55376 19014 22391 23117 38118
0 6 57005 1 63669 51867 11185 62067 43214 2776 20956
0 283 1 1 17761 14150 19443 49487 45183 63488 10703
0 102 1 1 63867 49602 36432 43031 40569 12988 33121
0 305 1 1 1312 53344 50012 53195 58283 58031 12951
0 365 1 1 11394 2463 44142 39656 25344 18863 8401
0 207 57005 1 1606 29899 56176 28283 7131 19738 1500
0 294 1 1 33620 61260 52875 22645 54592 23720 37346
0 332 1 1 31079 56257 34483 23972 7327 23268 45741
0 291 57005 1 50811 61472 4706 47763 15649 23964 20431
0 33 1 1 30696 12451 25470 53671 26447 41818 7874
0 161 1 1 45799 51043 60821 42446 31232 39837 21059
0 204 1 1 61167 59409 14354 43150 62274 9258 38974
0 252 1 1 35272 52379 62875 56037 54238 8573 44962
0 90 1 1 57431 64097 58095 58215 4026 29734 3138
0 383 1 1 40595 325 40160 52546 57556 7063 5212
0 78 1 1 35532 50040 61004 37943 57711 22446 57821
0 341 1 1 10578 1673 55475 13938 29241 1342 36884
0 1 1 1 64266 45133 13257 13468 12185 33759 46564
1 34 0 0 0 0 0 0 0 0 0
0 192 1 1 13029 62887 34995 9040 27431 46899 28737
0 144 1 1 51216 13450 5304 16728 14776 27631 54681
0 342 1 1 34382 5471 45204 45317 53725 51238 48179
0 176 1 1 58086 43877 22136 61152 47913 48130 23182
0 219 1 1 35348 48033 21627 49493 44709 26353 11517
0 355 1 1 29185 51820 17494 18342 11891 5928 39832
0 222 1 1 41997 48373 15970 6386 50419 43054 2022
0 208 1 1 56992 39148 5986 48313 27029 45431 61075
0 216 1 1 2792 62049 52461 32848 56691 46416 38868
0 310 1 1 52932 53824 297 15067 16733 1713 58342
0 244 1 1 57860 38307 3926 13513 79 62861 6209
0 250 1 1 62026 7751 29137 39082 31227 56563 12269
0 151 1 1 57074 37962 30503 27947 3975 36797 36095
0 381 1 1 21978 3271 7051 60764 55771 14034 10836
0 273 57005 1 42795 64993 61791 24536 10942 61285 3910
0 90 1 1 60624 17181 60500 56176 43314 19534 2226
0 360 1 1 5565 37964 14675 4660 43508 24189 49604
0 85 1 1 29942 53585 57439 15242 61207 14067 19844
0 374 1 1 43540 29030 19007 34765 16233 57483 31542
0 97 1 1 26242 8885 17600 28950 6183 16009 10673
0 71 1 1 56255 7823 50524 31934 38113 8035 59438
0 360 1 1 14367 59653 45172 49335 5887 18335 39538
0 279 1 1 20373 64585 22775 64242 50782 37631 32770
0 222 1 1 27811 27264 37209 55059 30665 40439 35892
0 260 1 1 61556 32313 42237 48723 38423 20848 57554
0 13 1 1 32185 34241 52644 31348 8545 51620 54035
0 384 1 1 24258 61362 14419 56579 34943 30028 20321
0 258 1 1 58138 17177 38912 58809 14008 40177 4524
0 331 1 1 17492 46852 55239 43770 49977 51116 25262
0 75 1 1 58582 42660 1885 60143 60767 62932 26102
0 360 57005 1 16468 5337 58625 56209 41492 24661 53487
0 215 1 1 56881 47762 28431 60527 3114 47578 46827
0 379 1 1 30310 55095 59696 13517 31765 30681 33378
0 336 1 1 36976 36670 4232 2947 31852 32004 40660
0 157 1 1 24034 23340 53883 9198 23045 30313 45712
0 206 57005 1 38657 48207 24142 19110 55947 30189 39398
0 121 1 1 31366 18178 1785 20783 63141 28127 30233
0 374 1 1 49607 13621 28592 42326 56897 14016 30152
0 267 1 1 25057 31990 23661 64183 57944 18933 37694
0 121 57005 1 2445 56494 27929 53464 52924 33917 52470
0 244 1 1 18692 2066 13358 42410 48040 38688 56052
0 189 1 1 29021 18427 9262 53965 36031 54636 30252
0 98 57005 1 17059 52433 48395 29703 3553 28827 59021
0 213 57005 1 22291 24161 22386 57269 59433 7652 26874
0 305 1 1 59933 48600 3853 5621 48240 34893 53996
0 61 1 1 56742 20000 4033 20198 45313 30042 32250
0 80 1 1 61250 16479 4063 24381 57194 55293 57260
0 170 57005 1 34400 28320 37355 36372 7858 18426 55419
0 91 1 1 40807 35043 32081 2693 13629 27750 54607
0 132 1 1 33082 22644 7297 61580 43800 55069 17070
0 250 1 1 38705 13762 10925 51909 35574 60437 32402
0 331 1 1 10082 46098 28929 60971 5238 39998 12342
0 277 1 1 15556 49777 54292 19363 64984 38204 42279
0 311 1 1 53717 15130 15371 51643 34396 39941 56954
0 399 1 1 62987 14371 54971 45762 48760 2449 55859
0 316 1 1 30594 3309 56573 25063 24019 42889 17803
0 162 1 1 29323 54096 7405 54859 19465 32309 49714
0 308 1 1 26390 6033 45184 46069 51931 51850 46864
0 296 1 1 47117 37250 64316 33495 61641 39398 3993
0 98 1 1 2008 47854 15419 12145 44222 7043 179
0 57 57005 1 36303 11456 29235 55878 62253 9021 40497
0 239 57005 1 823 7460 58675 49034 46056 32749 15260
0 140 1 1 28012 51318 60293 44910 56819 44657 58723
0 138 1 1 35966 36288 34256 22958 9485 56779 39560
0 163 57005 1 15455 58965 37795 2621 36724 57708 48211
0 346 1 1 38933 37493 14033 44394 23973 13345 34510
0 360 1 1 52656 41236 28248 48301 410 1233 3890
0 93 1 1 3356 25207 61517 42727 1972 61933 28335
0 251 1 1 21432 5466 61679 48206 10828 29056 54237
0 387 1 1 22032 29682 41720 59120 25019 44027 43619
0 2 1 1 12561 27822 35034 42889 49489 19100 54473
0 173 1 1 41746 47128 55943 25015 50424 9218 55347
1 180 0 0 0 0 0 0 0 0 0
0 119 1 1 9396 5234 22307 43140 36979 36392 39000
0 32 1 1 54594 65415 52493 1519 63082 46017 12539
0 94 1 1 17395 11703 9009 37287 4321 5317 54479
0 44 1 1 15026 31639 59211 38073 2939 56388 40003
0 347 1 1 34698 18203 50791 48573 29366 47781 4424
0 340 1 1 15612 32952 50607 6671 53816 39931 56734
0 162 1 1 32710 63337 41771 11074 29570 28234 42916
0 2 1 1 19056 20847 13017 32628 35135 45166 54178
0 204 1 1 21665 7369 28484 7596 308 37391 37680
0 12 1 1 44890 63694 56899 28600 44309 11914 32910
0 235 1 1 9223 62828 47637 63227 64518 30742 40010
0 183 1 1 30308 39885 38861 23407 54515 55887 22597
0 221 1 1 62988 11525 13377 25599 32609 7512 5011
0 87 1 1 53971 2807 9363 5809 18042 7039 46257
0 292 1 1 34034 44356 17286 51485 43880 11183 43514
0 141 1 1 55286 658 52468 31375 34419 51079 21864
0 12 57005 1 50988 30009 11353 52796 37534 51743 63078
0 175 57005 1 21627 49170 34595 24115 4130 29247 7484
0 91 1 1 54535 28457 46408 8865 20868 43827 39168
0 129 1 1 18887 1394 15973 30547 14802 40953 50181
0 259 1 1 50860 46042 57335 64148 56470 16250 36362
0 145 1 1 21505 28358 33547 25385 9086 13994 38520
0 262 1 1 22465 57845 64830 16737 47645 31717 45064
0 67 1 1 40724 31665 21445 31152 55971 9301 23600
0 398 1 1 28504 63947 14580 8208 29909 63237 1448
0 260 1 1 58605 36210 24228 45323 28993 11169 4953
0 379 1 1 39487 57001 16520 62310 41866 29920 5224
0 103 1 1 59279 12911 11685 43206 44404 31630 49346
0 221 1 1 46877 39129 55687 24293 15207 39231 36935
0 232 1 1 60801 57860 37407 17944 40136 11446 37602
0 351 1 1 52299 51767 30162 245 36769 50302 36496
0 399 1 1 3076 51684 20199 6925 64913 2440 36341
0 48 1 1 49210 21171 32688 17242 61379 46467 27205
0 57 1 1 44744 15925 54430 19987 13372 24732 60728
0 334 1 1 28146 61699 31087 54745 51566 50396 27687
0 237 1 1 23427 40920 30334 13696 50573 59358 33089
0 204 1 1 52856 57084 44474 60134 52175 29162 29528
0 344 1 1 61913 28773 13877 62446 14476 22706 45160
0 132 1 1 53023 43022 50150 10332 58783 27758 44893
0 322 1 1 53452 57656 47932 55595 43149 48016 60496
0 248 1 1 53019 58543 15236 1636 61680 51904 38597
0 290 1 1 65400 62523 55263 28057 29656 1083 50131
0 184 1 1 44936 32155 31857 8582 44681 5272 36583
0 289 1 1 1135 17241 36977 42004 49491 34319 45069
0 56 1 1 11402 14191 23011 51549 38970 7051 11478
0 50 1 1 27620 59048 29581 18164 15859 50527 11742
0 237 1 1 29761 48294 39678 45905 35751 24758 39862
0 150 1 1 5956 20522 58186 43191 20101 4095 855
0 193 1 1 18907 7925 8432 46008 44961 44049 320
0 75 57005 1 65482 57815 9414 57349 56495 29297 6606
0 125 1 1 53246 2419 40196 30621 36176 18128 37907
0 150 1 1 58976 50469 39797 3624 8503 48753 54477
0 71 1 1 24381 37369 7169 22213 11229 32123 10361
0 146 1 1 35587 38080 37468 42405 43577 27174 55558
0 55 1 1 32 27430 50424 34209 24718 58260 675
0 135 1 1 30201 16188 16056 59677 56633 46061 37773
0 260 1 1 7293 50763 42317 16442 58615 34806 10417
0 254 1 1 31612 58717 607 12857 11289 30964 10798
0 342 57005 1 27086 44652 56843 55844 22467 11662 41613
0 360 1 1 16778 22815 53634 30441 5323 7362 11275
0 52 1 1 12793 35001 45696 21359 16320 35863 61212
0 32 1 1 13687 28695 53073 51689 30560 35278 21299
0 293 1 1 56252 48944 6816 19482 61410 29627 29719
0 130 1 1 9684 11330 18399 47583 3198 19302 20949
0 174 1 1 39954 38260 16930 56850 32211 32373 30105
0 352 1 1 30833 18606 55977 31947 28204 55971 22752
0 349 1 1 28093 33756 30533 12452 33006 38625 63320
0 94 1 1 1099 15686 5468 18110 27130 17777 65512
0 294 1 1 1501 48132 48530 9736 10462 35845 17328
0 262 1 1 23973 38346 64000 63743 39936 62264 17509
0 102 1 1 15731 44033 60684 60161 33517 48709 31056
0 250 1 1 8196 54391 64219 31153 51761 50592 28825
0 70 57005 1 32301 57010 21127 55397 33258 127 44852
1 76 0 0 0 0 0 0 0 0 0
0 87 1 1 62693 8824 43288 28485 56388 60004 22685
0 258 57005 1 21960 45772 60985 40311 14149 43991 46553
0 295 1 1 11039 505 49256 49635 16934 65108 10853
0 42 1 1 1250 40474 53930 23277 46462 36532 15797
0 98 1 1 21451 58896 32148 8592 43676 13854 45462
0 351 1 1 11510 18444 63045 42117 24045 63487 42648
0 46 57005 1 59019 36627 51343 20102 24716 14592 64915
0 374 1 1 34688 43438 22457 73 14542 64871 36134
0 389 1 1 16503 21505 7931 4020 2423 40897 4552
0 382 1 1 14396 5236 3143 11846 50660 5379 27605
0 225 1 1 48833 34791 17106 10814 26427 27233 58023
0 381 1 1 15821 53951 46736 25306 54445 56503 18328
0 211 1 1 3033 54617 15170 49630 59037 5035 29080
0 295 1 1 36051 55144 1608 29076 19855 1762 23616
0 104 1 1 58002 25398 37519 63320 51288 44847 31785
0 82 1 1 18756 39316 23610 42814 13736 7803 25202
0 389 1 1 34007 46275 5513 48082 39795 7949 31385
0 365 1 1 23853 62806 52372 25717 44552 44056 16428
0 383 1 1 36019 30698 56344 8789 30376 33752 43114
0 282 1 1 3766 30744 36772 7896 58167 49914 26308
0 14 1 1 647 45764 24206 9424 54505 7807 31351
0 145 57005 1 22571 17633 35061 21498 33026 36593 46196
0 338 1 1 64886 47652 18335 24539 33263 11276 29928
0 131 1 1 5169 41574 36757 4536 44680 40307 60879
0 15 1 1 51491 56483 27604 64491 13081 4166 6531
0 357 1 1 43555 5239 3650 27980 53579 64742 1802
0 99 1 1 16913 18060 59203 7420 20937 25128 47764
0 246 1 1 43576 9408 44065 23351 33558 2786 17943
0 145 1 1 13745 18368 22689 27791 12064 30647 65088
0 380 57005 1 46166 34128 43652 27832 57600 57938 39516
0 350 57005 1 52469 6350 13829 18438 15403 15608 9379
0 398 1 1 21164 42518 30958 11251 14562 51345 38311
0 288 1 1 40251 35243 36665 25177 1284 25882 61399
0 33 1 1 26767 994 65140 3355 46884 9623 7952
0 12 57005 1 27117 49107 45249 10335 28065 11845 43167
0 19 1 1 15059 32250 5027 23394 29268 43046 34924
0 24 1 1 59152 34583 15359 54914 23721 18132 45465
0 22 1 1 33280 39292 63412 59025 41379 29397 46295
0 234 1 1 23101 31951 12545 51243 39746 50046 59535
0 266 1 1 16249 55103 53193 19412 3811 63079 55573
0 294 1 1 55696 26540 39495 62643 7949 40099 33752
0 102 1 1 45761 29680 39696 16110 14966 22222 12153
0 360 57005 1 22843 31818 1864 43054 22354 59002 7238
0 78 1 1 2396 34543 33230 21366 52394 33039 32489
0 11 1 1 32624 16018 53166 43245 12477 13468 1815
0 294 1 1 23929 7530 47574 38586 32101 27139 26831
0 366 1 1 17969 42693 33222 37257 33924 29611 61425
0 67 1 1 52391 58566 48287 21610 16079 3913 14284
0 63 1 1 60040 56521 34241 21809 49407 53242 58063
0 1 1 1 498 35624 1117 30684 60979 39799 4083
0 202 1 1 51108 53401 12172 20317 305 57225 51742
0 364 1 1 11543 52267 32030 4769 45801 39047 62064
0 165 1 1 11025 57081 32450 54213 26549 18723 21804
0 127 1 1 39670 54204 54742 50205 60320 4627 44820
0 162 1 1 7095 57863 63106 57484 62885 64737 2769
0 30 1 1 47723 43473 36974 17251 59284 32991 61338
0 400 1 1 21328 7348 9937 63973 42119 54470 45083
0 139 1 1 9356 62139 11309 19439 18477 2080 6665
0 289 1 1 59072 89 17928 42036 3563 44683 50763
0 25 57005 1 38972 26735 21399 51759 47329 32552 32681
0 273 1 1 23905 26644 31207 18750 27323 31398 29567
0 18 1 1 20338 31433 62758 34907 56461 54884 28639
0 86 1 1 42200 11856 62241 635 27835 33728 6442
0 158 1 1 40135 52706 56007 42069 7041 45448 20498
0 92 1 1 27249 54145 43370 51060 13461 21718 26171
0 46 1 1 65165 35705 58672 42088 27827 35411 5571
0 81 1 1 48186 38123 34060 10962 26040 23593 32849
0 241 1 1 5547 57787 32523 23275 29626 22362 31033
0 17 1 1 61046 35668 55669 11653 55042 36754 29363
0 353 57005 1 2829 27150 18257 31104 53179 35889 23481
0 306 1 1 46185 63176 57689 24346 63392 47490 30447
0 380 1 1 23220 60193 25717 28602 29364 46878 48967
0 154 1 1 50056 63943 57607 49556 32902 48157 31510
0 198 1 1 33578 26870 35986 834 34139 14216 18563
0 302 1 1 45081 28697 10409 49537 52853 9537 56406
0 227 1 1 45464 39690 30458 50020 52420 30044 38730
1 143 0 0 0 0 0 0 0 0 0
0 4 1 1 20178 33974 38362 12996 19018 24802 1935
0 197 1 1 64047 19076 49337 18824 36641 4768 22553
0 341 1 1 49604 42216 39200 13420 43854 1971 33684
0 334 1 1 29104 6305 4429 3206 24274 55312 36540
0 147 1 1 52648 61376 51944 22901 32806 31797 15413
0 107 1 1 44762 28272 40177 38606 3079 40480 23293
0 50 1 1 46210 25972 8586 1324 39960 8281 43875
0 172 1 1 58558 63949 48789 21818 44484 37525 6221
0 46 1 1 12818 57954 25517 20193 22892 8557 26975
0 43 1 1 32564 6624 39469 26386 23402 25880 10367
0 75 1 1 9055 24525 62429 22401 57154 19655 44181
0 46 1 1 50010 38739 510 39048 46499 9443 60204
0 282 1 1 43399 58743 26423 43392 11705 12760 45085
0 361 1 1 45960 21891 25838 14121 26816 41806 1862
0 330 57005 1 56069 26496 26486 40772 21830 13149 61570
0 174 1 1 43665 25205 23237 19231 13240 15502 17289
0 57 1 1 47443 41822 54434 62657 25476 56300 19080
0 129 1 1 50177 34732 32432 671 50696 33522 37905
0 351 1 1 57801 248 53865 24783 31799 52962 50025
0 273 1 1 53403 38527 54769 5393 56404 53004 37775
0 233 1 1 17847 65122 63107 1589 60396 60286 1874
0 108 1 1 65518 62116 39765 5251 7089 42490 12018
0 178 1 1 16823 16656 28832 25466 35744 10314 1872
0 254 1 1 52570 31264 29401 61105 33329 63809 6392
0 108 1 1 21910 65012 6206 1990 4753 12024 28774
0 230 1 1 15792 36936 35669 65475 60717 16150 32371
0 301 1 1 51002 40645 2552 21827 28652 60736 6107
0 126 1 1 59857 32164 47609 65184 41407 53714 41394
0 179 1 1 20701 39382 50769 15142 32530 2241 47667
0 235 1 1 2762 13071 55746 16462 16409 34036 53360
0 316 57005 1 20159 52904 42703 41959 4546 11711 26380
0 114 1 1 51185 43708 18585 10264 27035 41210 33261
0 105 1 1 43877 47654 49711 51896 60239 31473 44635
0 381 1 1 62016 5056 51759 41422 37138 4597 60292
0 304 1 1 61000 52352 29696 28880 24093 22628 43119
0 280 1 1 53701 38426 8333 34232 9866 594 59875
0 87 1 1 34855 20999 27796 54902 34806 22476 19969
0 238 57005 1 49391 24406 1644 50253 14978 25431 17832
0 164 1 1 26262 25139 63260 45381 4510 45101 14880
0 59 1 1 46044 8223 6461 58529 43151 56255 30048
0 268 1 1 52016 52515 54161 29942 64881 62830 33573
0 1 1 1 7641 27354 33634 61183 34827 14680 9509
0 214 1 1 50283 15325 19908 46920 51521 19996 15697
0 104 1 1 41387 16986 56406 7122 34267 37362 53125
0 392 57005 1 58947 19515 28860 29789 40704 14077 55762
0 113 1 1 29002 57384 43699 39214 25129 48573 42243
0 150 1 1 13239 7476 40637 13844 14654 64692 17115
0 270 1 1 16195 58308 9115 33907 34124 3879 30834
0 20 57005 1 15125 32422 11989 30495 56634 2714 49382
0 358 1 1 50430 48509 65219 36822 60556 20875 9984
0 277 1 1 32727 24591 58166 21295 10405 39576 41253
0 342 57005 1 17532 10714 4137 27707 16857 26469 37001
0 348 1 1 3334 4844 1816 18141 52323 13835 45585
0 241 1 1 42742 1091 21341 1384 51029 9903 5831
0 336 1 1 54801 16707 36125 62411 29954 60255 46939
0 326 57005 1 28657 34992 24410 11964 7097 2024 9634
0 357 57005 1 27478 18152 49901 31173 39189 29310 33890
0 6 1 1 54777 45949 12125 61480 55685 2515 62631
0 228 1 1 25257 42483 32041 63277 1517 57612 36215
0 59 1 1 32844 14994 29176 63753 7027 43432 38983
0 387 1 1 55746 38018 8656 55877 24856 59015 55599
0 39 1 1 54972 59488 15853 48853 23416 50366 45887
0 66 1 1 58451 57796 49654 36633 38098 28520 25547
0 62 1 1 49045 52439 1373 47622 14699 26143 28830
0 334 1 1 4619 16981 33784 64173 1202 59440 64760
0 132 1 1 15803 8349 54123 44467 29648 30424 29809
0 249 1 1 38406 64245 47802 29558 48019 33044 17679
0 222 1 1 47136 25656 14267 1669 37326 12447 48249
0 365 1 1 35182 57727 57081 60798 1095 31287 29335
0 121 1 1 43720 17428 20440 47219 41833 34458 30781
0 349 57005 1 39200 5944 41561 902 31242 20738 42720
0 355 1 1 62678 7395 22211 26343 40908 12370 21456
0 76 1 1 17310 41153 49109 51613 15436 9689 61618
0 44 57005 1 42872 60110 22893 24071 58839 52269 63602
0 364 1 1 26715 41268 40682 44455 32815 1937 11910
0 102 1 1 12899 4342 25201 26638 41987 23798 20676
0 7 1 1 6869 26214 10095 18721 12478 31669 37499
0 344 1 1 4965 42683 16194 49546 12002 21621 10619
0 119 1 1 39248 20145 47366 44147 43588 61471 9711
0 280 1 1 58271 33433 39998 54457 9750 48025 29184
0 393 1 1 11451 49450 39154 7243 64897 63203 15160
0 168 1 1 55852 41608 57936 40949 4347 6346 19506
1 281 0 0 0 0 0 0 0 0 0
0 164 1 1 23035 385 20062 29192 25431 41745 63589
0 19 1 1 15659 35055 7631 34634 65346 65432 8076
0 390 1 1 44152 56743 8432 2229 6133 26470 20260
0 105 1 1 6902 55451 23428 51935 45689 8305 41787
0 164 1 1 52363 23025 18896 13616 49530 26066 16082
0 358 1 1 40651 53953 8493 56592 25157 56976 19965
0 366 57005 1 21950 53114 60559 2534 23086 5145 10366
0 67 1 1 32650 14197 38492 19500 7048 62738 22000
0 66 1 1 20586 55342 60746 19322 1730 64971 6883
0 188 1 1 29726 65226 35179 60607 32839 7139 52736
0 368 1 1 28490 44884 64215 43951 41315 22914 15378
0 369 1 1 13422 27725 12802 9075 11663 13302 46913
0 112 1 1 46127 49274 48322 32581 19866 63476 29835
0 90 1 1 34162 19163 42396 46525 41289 54305 22064
0 78 1 1 42835 11999 30646 51494 2045 55863 29726
0 190 1 1 39517 64246 49916 27444 42391 19175 48963
0 303 1 1 33080 39564 60507 15102 5081 55737 25901
0 239 1 1 38550 64043 35398 52201 2247 30054 43136
0 129 1 1 2534 28010 14397 9842 44556 7230 27496
0 282 1 1 23378 19696 41120 61480 46224 57132 34925
0 103 57005 1 55469 32521 6256 10743 24476 38194 16863
0 274 1 1 35483 61300 25468 20709 52585 64006 35105
0 26 1 1 63842 52558 4294 52082 49588 36041 18410
0 18 1 1 34032 56483 2797 39626 21211 35119 16347
0 286 1 1 59446 39941 46865 61827 49389 33338 16428
0 279 1 1 63454 10041 14125 58511 32174 13932 38842
0 400 1 1 63457 4730 2335 14587 10224 26209 30471
0 314 1 1 11458 47522 21278 58272 21731 32380 64185
0 42 1 1 12754 5471 38317 60869 42189 41722 7470
0 33 1 1 12907 52106 24813 56588 45503 48125 21181
0 372 1 1 28766 24333 25078 32509 9722 32171 14688
0 27 1 1 9015 14128 18709 7680 2184 2642 316
0 6 1 1 10325 6194 53357 6837 42220 25173 22867
0 311 57005 1 47577 18817 7274 16952 25816 34931 59118
0 338 57005 1 15246 56581 50455 52284 8285 38960 43914
0 377 1 1 31385 2821 50203 64717 49823 21954 8226
0 357 1 1 59557 62156 18365 20010 1982 7760 18326
0 88 1 1 37065 37305 13899 8023 27114 29952 24480
0 210 1 1 25833 34998 31434 19702 14060 55788 1237
0 53 1 1 60899 24629 27570 3303 52890 65432 61255
0 190 1 1 7954 28249 64303 7060 26372 26013 65104
0 96 1 1 57929 20842 24364 39390 39887 9315 48379
0 325 1 1 13844 61761 26971 55973 5702 58954 18268
0 299 1 1 7579 39540 23647 28404 61039 43969 55033
0 31 1 1 5076 54014 43532 50045 56698 44671 61285
0 319 1 1 32736 61029 62723 54551 34720 22900 29638
0 342 1 1 46325 47538 52333 63736 47208 16915 17259
0 120 57005 1 58779 63690 33877 60921 50672 26537 40110
0 34 1 1 56221 47839 6715 2762 14199 56236 6413
0 243 1 1 35238 24998 29520 56228 14902 31136 4929
0 136 1 1 39986 61668 17397 27992 48945 38807 25515
0 386 57005 1 35540 64694 25065 38066 20744 44498 50184
0 157 1 1 5251 33255 35256 158 26541 51613 3269
0 130 1 1 1011 59723 47777 24664 52603 26408 59521
0 153 1 1 20456 63603 13453 6004 62514 39191 21913
0 260 1 1 25945 21745 46299 59050 18578 15503 54891
0 80 57005 1 197 35667 20743 29892 15230 64754 24014
0 8 1 1 12653 9464 42105 3512 31741 39479 22670
0 250 1 1 24832 47786 8626 6187 24138 40998 52443
0 113 1 1 6280 33625 25988 11209 55312 49772 1668
0 138 1 1 58308 59355 3345 1055 29467 33749 63321
0 360 1 1 6551 19124 1764 33457 7535 24955 54950
0 355 1 1 41267 22139 53054 54248 14394 25476 1096
0 226 1 1 45457 23641 37563 7171 3358 56094 43759
0 193 1 1 55322 57824 57548 63383 43075 25542 60386
0 24 1 1 28721 56455 11787 51811 47887 38739 9986
0 384 1 1 8783 28539 21815 30483 28957 42874 30736
0 119 1 1 33388 30837 51685 5213 42180 41993 34869
0 336 57005 1 17646 33280 62348 39862 48962 24928 55700
0 39 1 1 61892 7351 52467 30791 18422 6697 15186
0 232 1 1 41822 6589 38701 50102 31686 2296 2041
0 304 1 1 48047 3962 63802 18673 15204 13294 24078
0 331 1 1 27839 38255 4011 41649 23764 4462 60974
0 294 1 1 7681 45169 30656 52559 15457 8545 21710
0 243 1 1 21208 7318 42084 39455 7804 39329 56323
0 378 1 1 15032 4079 7142 52590 33064 31142 7589
1 12 0 0 0 0 0 0 0 0 0
0 168 1 1 49227 21889 12151 10656 4268 54836 42481
0 280 1 1 28252 26573 2108 15415 63858 61835 22998
0 152 1 1 42236 48981 12042 36491 45192 24627 14903
0 245 1 1 52890 23143 48282 54179 20766 25920 62056
0 23 1 1 2555 60147 58008 41608 46250 11780 52035
0 2 1 1 59802 29926 23959 25161 37413 64358 13403
0 331 57005 1 44732 60207 1694 56068 35301 49434 40262
0 149 1 1 64681 19639 36237 42692 41532 13790 60373
0 97 1 1 41919 42989 1957 14061 7796 25083 54111
0 350 1 1 7580 38770 57814 63588 22105 33970 31066
0 194 1 1 8150 13709 58382 42018 27810 46988 31428
0 247 1 1 49012 62755 3367 10491 31809 31543 26569
0 314 1 1 41782 16022 39492 29467 25492 59000 34506
0 302 1 1 40858 58737 64214 53381 7990 62165 18217
0 295 1 1 19995 20313 29267 20893 2395 24571 9160
0 339 1 1 45050 54888 9338 23556 22852 48842 49927
0 79 1 1 34892 31408 44219 42462 55538 58136 19108
0 224 1 1 41681 4283 47287 15727 23988 25355 36383
0 280 57005 1 29952 52156 11217 13061 24219 64538 17055
0 183 1 1 28736 58996 3570 37423 19170 63586 35517
0 96 1 1 56124 35306 50504 48495 16446 5429 40282
0 185 1 1 712 4366 44507 40630 62299 11675 694
0 79 1 1 12016 40452 56276 35189 37414 34076 11382
0 341 1 1 26806 60730 65029 50634 57087 3461 57783
0 200 1 1 16995 39084 47377 19788 63110 27498 4330
0 293 1 1 29194 21799 48274 4396 48144 26932 28586
0 148 1 1 6708 31817 4725 765 55877 1721 43759
0 396 1 1 44426 57263 60933 19763 26425 56835 51882
0 88 1 1 28948 1416 14596 8426 23830 53890 48196
0 15 1 1 23520 2556 8555 60235 37429 40273 45584
0 336 1 1 18277 17123 61917 48481 41056 41805 18321
0 259 1 1 54386 5750 17641 48889 42479 56703 14306
0 31 1 1 7233 29727 16780 45961 41709 20595 39680
0 368 57005 1 9937 19082 36266 29851 23232 9867 45830
0 113 1 1 42006 61239 6216 30302 51654 25881 46778
0 174 1 1 18445 60028 11156 10874 12060 55862 56028
0 106 1 1 38080 64685 64260 24192 49062 39260 51380
0 95 1 1 23319 38763 20412 19175 10923 41834 11790
0 359 1 1 33321 60907 46537 48403 8762 6094 16875
0 368 1 1 47520 38894 23252 52894 25192 40028 30864
0 328 1 1 61644 56798 19153 8879 51565 58948 50132
0 41 1 1 14827 45621 8084 1360 22711 64846 65044
0 207 1 1 32158 34203 3831 51483 58984 39614 52512
0 263 57005 1 24425 18481 30083 5903 5628 6774 39076
0 383 1 1 26282 8233 42988 29524 51168 7455 42849
0 84 1 1 30108 50585 33155 9441 12762 9389 40534
0 119 1 1 56907 50730 30971 43045 53353 31621 2574
0 147 1 1 36938 43882 15779 33110 34294 55223 8076
0 207 1 1 51320 54735 48532 56266 43459 12054 39344
0 50 57005 1 507 7232 32130 37530 54270 10455 53566
0 186 57005 1 57793 3552 34001 62290 27656 28538 52331
0 344 1 1 54909 53463 27190 40744 11342 26229 37332
0 217 1 1 22746 8649 38588 42987 55593 53035 15286
0 191 1 1 36736 33900 26394 11716 4185 61695 61809
0 221 1 1 39683 16969 61154 25008 10018 28837 62919
0 173 1 1 58951 41795 2292 1504 60587 20328 46200
0 205 1 1 52825 21309 50224 1870 2692 6735 10448
0 364 1 1 45181 29123 51620 56931 20512 30943 579
0 71 1 1 14075 18172 37014 50176 39735 16249 46057
0 329 1 1 44008 41028 40692 10623 26009 1219 15905
0 11 1 1 36556 21892 4679 29622 41785 27255 64779
0 134 1 1 1088 39692 29590 33456 48732 6673 42943
0 358 1 1 59645 11297 19965 18836 15876 28002 15100
0 150 1 1 58361 63126 53829 18474 51432 1542 8489
0 359 1 1 43313 49828 40360 18252 54049 60454 11256
0 21 1 1 58571 15953 20241 29758 11712 10885 52385
0 215 1 1 36942 12100 58009 10412 17491 60942 48601
0 207 1 1 52138 27169 54401 22522 62475 5332 58844
0 105 1 1 10589 63446 13083 24298 45393 9687 19096
0 372 1 1 40440 50434 16306 26519 5006 14461 26574
0 205 1 1 12940 1 7822 51009 53665 5471 54946
0 16 1 1 59214 49245 32883 40638 15549 50636 46467
0 1 57005 1 36325 57888 53855 49906 4676 2919 9315
0 359 1 1 4089 798 29922 41150 19130 9680 6519
0 278 1 1 29895 25694 50287 61465 59159 25959 58556
0 6 1 1 37774 29680 45499 37161 51577 51820 15463
1 33 0 0 0 0 0 0 0 0 0
0 65 1 1 10628 46783 25630 49794 28057 59934 51062
0 368 1 1 37553 60402 49424 10361 52954 35479 16731
0 249 1 1 7951 47696 23117 10559 36782 53790 63914
0 5 1 1 24391 58858 11558 45891 60382 60777 43110
0 354 1 1 50991 12562 39817 23681 65107 32041 27399
0 128 1 1 32155 8606 55052 29190 16545 20827 7645
0 32 1 1 42042 46859 32661 4109 54183 20407 31062
0 354 1 1 28997 30451 45069 39749 50472 27958 25144
0 56 1 1 42715 53179 61636 1057 30508 7719 2159
0 140 1 1 83 38661 29567 88 15755 11496 34058
0 87 1 1 1684 29259 57442 52211 41808 4734 47416
0 306 1 1 34381 13177 24598 13389 45062 54896 54854
0 102 57005 1 40857 60443 46088 61048 42861 31875 45204
0 109 1 1 17648 59302 11516 56277 52585 11944 22444
0 294 57005 1 52352 27522 10965 11165 57379 48426 10660
0 80 1 1 20080 41994 28771 30454 54116 8075 24609
0 168 57005 1 169 6076 15105 2388 42466 59860 65402
0 248 57005 1 38114 19127 40587 30750 63489 45281 57329
0 221 1 1 59730 20265 3456 55491 24123 49817 12473
0 351 1 1 14752 328 12707 43658 23952 23770 30641
0 335 1 1 25606 15830 58676 58682 39831 17838 16854
0 399 1 1 58074 24745 24942 36268 60472 19822 55223
0 211 1 1 32751 13184 45375 12770 37375 52647 27854
0 310 1 1 44396 27189 64003 2277 38679 36072 36299
0 23 1 1 37939 33389 11931 26255 50093 62888 58685
0 311 1 1 14069 29969 16878 63520 3766 9951 49858
0 363 1 1 32934 23494 32580 9325 65115 25794 60487
0 205 57005 1 2977 9942 46985 35813 60416 26293 16709
0 128 1 1 39835 28336 42007 16935 7801 6525 63065
0 25 1 1 46618 37784 45775 3748 59039 65226 39903
0 185 1 1 34844 61112 16336 43986 64527 63746 50787
0 254 1 1 12130 26453 9224 53602 39052 941 65185
0 119 1 1 32474 15010 58553 7293 39171 48159 12710
0 234 1 1 2370 39178 29342 43086 48110 18948 44446
0 342 1 1 40010 62618 5895 35051 11852 29236 34713
0 121 1 1 4651 20846 54529 49081 58892 9345 31908
0 349 1 1 61694 33449 18539 36024 1586 49708 56882
0 215 1 1 47726 16417 43428 36556 54492 61362 11910
0 185 1 1 34222 50424 54244 61515 54928 45292 65120
0 153 1 1 12182 7327 6838 37110 17678 42801 47832
0 232 1 1 35200 14055 53816 19931 48444 59942 13243
0 6 1 1 58472 54662 58663 36528 39311 32936 41451
0 306 57005 1 56376 17761 51877 50084 50587 52781 3181
0 207 1 1 15153 203 21492 44939 2499 19966 24283
0 247 1 1 57522 5251 57101 55900 16079 65046 45546
0 16 1 1 28083 64191 59489 56189 61478 63929 40912
0 270 1 1 20871 33806 56165 15940 38176 33138 21669
0 270 57005 1 6250 17920 42596 52688 22722 64847 11920
0 178 1 1 21088 12476 3615 5458 31767 39671 23596
0 255 57005 1 56158 18336 43952 45140 14863 2837 4006
0 102 1 1 61735 53115 37195 43603 40300 36320 53070
0 283 1 1 52697 63818 22640 45774 7115 2016 26586
0 306 1 1 52355 52951 5047 20561 49799 62254 26226
0 46 1 1 33431 51978 55530 24387 35739 31345 7606
0 395 1 1 44733 34380 52729 31509 33915 25899 21764
0 136 1 1 38067 6401 35792 57171 46147 10233 30457
0 326 1 1 27088 52973 25711 44489 695 43542 25316
0 109 1 1 4683 2088 31913 51303 46360 58858 863
0 258 1 1 14946 36993 10968 60568 1819 16919 38206
0 234 57005 1 25620 58262 27671 17930 34898 13338 27441
0 324 1 1 16957 49197 48734 31260 10849 56371 4702
0 184 1 1 40804 52444 8183 55021 53094 50182 24340
0 49 1 1 15616 30771 21939 17033 54799 38615 539
0 196 57005 1 19058 19376 61886 23845 143 4953 16163
0 127 1 1 9537 44146 39354 56716 42147 17897 60932
0 126 1 1 50314 58360 1193 46461 30154 44246 44204
0 181 57005 1 34249 36442 19052 20164 21309 30733 48068
0 43 1 1 19298 28343 42088 48764 18234 1520 11833
0 375 1 1 29237 27961 9239 22329 9309 12524 19321
0 186 1 1 5735 36648 23724 29483 21052 42145 32322
0 151 1 1 45075 58051 45815 36658 46763 3559 41005
0 269 1 1 53615 5753 44260 40436 56907 6636 2141
0 43 1 1 61725 52105 49732 10879 7911 15455 767
0 217 1 1 64967 39506 6871 53364 12048 42270 31937
0 304 1 1 38420 11899 40328 45588 32148 24401 62898
0 133 1 1 38897 11316 29766 59208 13668 1285 29238
1 196 0 0 0 0 0 0 0 0 0
0 142 1 1 41325 21526 4591 19002 30888 56364 39065
0 133 1 1 27956 25307 64731 1970 32901 3100 65486
0 18 1 1 17459 57750 2611 29497 59446 29212 27895
0 72 1 1 44791 2724 37155 47714 38658 4837 36665
0 213 1 1 26885 8725 32506 26692 23532 6865 58828
0 351 1 1 36002 23374 42389 53987 26176 20880 49938
0 241 1 1 33049 16096 50727 29975 44815 35110 11112
0 294 1 1 53761 42910 26227 41990 41828 16362 15921
0 303 1 1 63364 28343 47320 31089 27845 51931 48631
0 169 1 1 26057 46464 58490 9933 48644 59741 61436
0 53 57005 1 14040 61576 4598 33405 26136 18532 2789
0 51 1 1 38977 57848 25676 41976 48927 62067 41601
0 100 1 1 18001 32316 8459 47002 1421 28798 15003
0 227 1 1 18345 15175 36270 50878 43142 51299 62996
0 247 1 1 22063 5290 24926 54424 41067 35340 37404
0 95 1 1 3775 2789 56700 54159 22897 34178 23178
0 209 1 1 48709 33125 64353 52997 23212 48572 23579
0 225 1 1 6465 40102 56710 34875 9493 44785 17527
0 220 57005 1 48501 9718 41737 15006 3261 28747 4428
0 367 1 1 49065 9758 57440 3105 24335 29066 2900
0 344 1 1 15406 63305 30605 19338 2440 29824 54619
0 259 1 1 7916 5394 20183 31272 25546 28183 45898
0 183 1 1 405 57317 43323 64428 57776 56869 30335
0 74 1 1 38848 51886 7780 40708 32413 19327 26340
0 215 57005 1 46768 26918 9838 51329 57205 43286 37171
0 98 57005 1 7853 2059 30060 55348 24519 5156 30717
0 199 1 1 46317 19444 12339 50942 395 34257 44861
0 281 1 1 31990 17396 42512 14941 16418 57842 29102
0 197 1 1 4117 23524 14487 23114 50914 62183 65129
0 142 1 1 18486 5686 5611 56098 17620 3757 16943
0 48 1 1 19504 45182 5864 47756 54784 7400 6955
0 76 1 1 49272 45980 59612 8912 46448 54587 9910
0 256 1 1 33702 42001 39269 12168 30958 34384 54391
0 255 1 1 23328 23917 53664 53441 54882 44681 61561
0 388 1 1 15601 24066 63991 21199 2066 32461 56973
0 65 1 1 50359 47902 46937 34199 36713 34338 258
0 183 1 1 37781 40934 1992 2224 49863 5406 58343
0 45 1 1 57277 29135 18416 13260 59512 49312 58295
0 97 57005 1 3013 17823 50052 49331 48024 2731 54784
0 370 1 1 26854 4001 13832 60164 47359 34245 34641
0 204 57005 1 34089 23978 11012 12381 51485 20031 59517
0 226 1 1 18282 37805 13450 28546 9563 34307 47096
0 84 1 1 50254 51728 65439 577 42435 24521 25250
0 246 1 1 21007 45580 16415 5528 48674 19839 59280
0 116 1 1 43263 31569 48269 24537 55022 57971 24049
0 172 1 1 43986 40170 30396 122 43466 47510 32922
0 164 1 1 12008 24143 24242 62696 43400 8672 19637
0 242 1 1 56154 39487 4748 29161 40592 37122 40289
0 202 1 1 62696 63924 44632 24149 18758 17891 42654
0 26 1 1 51581 47968 35461 1023 55454 51367 45438
0 168 1 1 22817 28956 62237 54182 60491 32695 47965
0 106 1 1 28001 30635 10599 65278 62579 44666 40612
0 337 1 1 58264 41505 9026 59097 60219 30975 9821
0 245 1 1 50367 40256 5988 43950 62533 54507 42096
0 338 1 1 33207 13851 3453 269 14459 36603 25394
0 379 57005 1 6386 20832 34273 43408 45404 47333 60313
0 47 1 1 6076 46450 20069 22908 52071 35793 31975
0 217 1 1 48206 19800 41208 39640 46937 47543 35144
0 396 1 1 40685 65164 42455 45694 28129 53272 35710
0 370 57005 1 22722 24073 30913 48288 20378 21695 17606
0 89 1 1 45629 34141 65094 18489 51578 58329 39901
0 221 1 1 50089 30308 38311 35595 60950 6178 38811
0 369 1 1 27822 59858 64394 60786 1135 49730 36844
0 109 1 1 15624 40218 15994 34745 16472 15271 2521
0 64 1 1 39100 35007 24264 58092 34005 11759 37627
0 59 1 1 58732 50174 54306 47638 47639 9848 54607
0 4 1 1 43326 54149 51443 9512 27249 42329 16700
0 45 1 1 12415 7185 3544 29127 4637 32654 54635
0 212 1 1 29074 30471 33980 48961 64690 27790 51233
0 17 1 1 20058 49557 63230 13852 26466 35883 54727
0 306 1 1 55550 58454 52316 8929 99 15858 35823
0 43 57005 1 63322 47383 11664 65399 14623 44233 32350
0 369 1 1 6152 2899 523 58198 2301 34209 8113
0 176 1 1 42625 5676 20504 35897 29902 50022 35814
0 367 1 1 2029 63327 30141 18143 58682 61202 10870
0 35 1 1 36806 7941 31414 54845 54645 5935 32352
0 273 1 1 31520 20145 55904 22982 7402 20875 63886
0 16 1 1 60605 22134 35675 41314 45243 44692 18026
1 155 0 0 0 0 0 0 0 0 0
0 239 1 1 36050 17612 47617 49642 504 40078 56729
0 53 1 1 40900 33728 26595 29477 51800 19396 44090
0 300 1 1 19651 44528 35483 16971 11940 51491 32182
0 88 1 1 12510 956 12126 31022 50285 63497 56819
0 124 1 1 17743 63882 45756 57648 7223 23559 58789
0 114 1 1 44963 30574 16623 7819 63192 40389 44595
0 175 1 1 23964 59706 11000 15420 29386 16265 44394
0 182 1 1 25757 10432 3475 50980 4511 21019 58528
0 225 1 1 58273 40406 40062 32276 34163 16750 65333
0 362 1 1 56465 13144 36872 40956 53749 4364 7278
0 42 1 1 15074 17303 43613 23587 42720 55839 28585
0 324 1 1 30075 54667 59619 49827 55691 41823 61631
0 306 1 1 42406 139 4083 42191 27996 56254 40928
0 90 1 1 24370 25826 24001 19755 9953 7438 133
0 257 1 1 13659 19758 62792 39407 31464 56551 20527
0 181 57005 1 37742 15331 56350 4286 40821 30034 46166
0 260 1 1 54588 41845 45019 48084 53146 21387 29945
0 317 1 1 51128 23756 3453 8215 4850 31665 17551
0 144 57005 1 15725 25891 50461 14646 62129 29270 57895
0 171 57005 1 54796 54037 4789 17080 40342 60590 56238
0 23 1 1 57792 14567 31257 39982 51350 64787 34877
0 358 1 1 36438 57182 60314 16640 5195 21530 24055
0 265 1 1 50693 50102 48344 39974 1616 21031 49462
0 24 1 1 44369 26701 36072 51500 38005 26608 60676
0 140 1 1 19187 65088 24991 9554 22408 7144 2754
0 207 57005 1 46761 64711 61392 2406 5877 14994 24008
0 4 1 1 50893 19238 56707 34205 2733 56637 56438
0 55 1 1 31978 52739 60244 40431 41302 27789 56367
0 20 1 1 64088 53142 34682 54248 53511 65269 715
0 248 1 1 24852 54960 29824 39589 21345 15657 41229
0 71 1 1 59208 28665 17145 9080 19072 22645 408
0 385 1 1 29359 25199 20919 45446 54615 13728 19846
0 139 1 1 62313 2577 52061 24784 14457 50379 35840
0 61 1 1 32081 3343 40409 40726 32964 6824 48032
0 64 57005 1 11704 53474 42442 15571 16655 10726 14442
0 256 1 1 57794 3483 23691 32177 18206 56885 8872
0 121 1 1 41102 14146 47237 50195 3187 59728 30341
0 26 1 1 44475 50757 10910 11720 65193 17242 56105
0 153 1 1 35219 17227 1374 23741 23350 29454 33831
0 391 1 1 28102 3024 19137 22847 43462 39068 50778
0 300 1 1 41392 63095 20169 64839 3236 36956 13716
0 3 1 1 57387 33461 11673 3282 21303 21737 63509
0 59 1 1 63512 51946 27198 47363 63432 41353 10305
0 41 1 1 8888 13668 52201 44274 15378 56777 58573
0 310 1 1 57712 34970 50868 54013 21748 30957 17670
0 307 1 1 61697 32911 44995 25995 7504 8959 5135
0 241 1 1 18309 17494 25385 21379 41914 30833 4458
0 314 1 1 36990 55194 42771 9945 40232 9193 48747
0 196 57005 1 50164 60807 56315 62288 53946 48710 44033
0 345 1 1 51090 22456 24789 841 36395 6471 22165
0 302 1 1 56916 39223 63993 42303 47302 651 46567
0 125 1 1 52016 3503 27566 35093 4643 22836 19972
0 363 1 1 11844 52053 58719 40484 19823 54145 48187
0 258 1 1 34639 13822 32929 60057 1541 56736 54109
0 99 1 1 40681 40155 43738 54963 33262 14542 41389
0 34 1 1 38445 36389 64968 12086 718 18961 27295
0 389 1 1 31414 20456 27853 16362 41886 47685 30337
0 134 1 1 4183 31256 19849 16851 64982 4559 63971
0 100 1 1 16061 60866 55369 65301 27274 18701 54719
0 301 1 1 50780 7002 13462 27494 63298 64371 36195
0 8 1 1 30056 39746 21904 19777 25718 22963 3364
0 381 1 1 16371 48880 45806 63620 62061 31044 53864
0 183 1 1 38354 65216 20351 58965 6787 43654 20216
0 171 1 1 39920 21567 58868 15448 28949 37623 24676
0 93 1 1 56109 61134 30335 49402 32953 2892 8186
0 315 1 1 38114 4373 1685 362 51779 40243 37384
0 45 1 1 37360 50804 25185 28997 29194 4821 64357
0 222 1 1 28399 6906 4525 11463 25396 3148 47263
0 89 1 1 36031 36151 58698 17497 38671 13628 4068
0 102 1 1 44433 19949 57732 28882 13918 60768 14230
0 218 57005 1 38855 49858 25456 23453 7209 5375 42865
0 248 1 1 57202 40858 45202 48410 12679 20460 32931
0 7 1 1 45941 771 28242 54638 18234 42128 40292
0 57 57005 1 57268 42146 19796 5518 22759 3088 60210
0 322 1 1 58065 15558 59886 9697 53691 31332 63934
0 202 1 1 54531 20271 61971 52176 30433 42391 1074
0 178 1 1 63732 50047 30901 59358 12315 13646 5780
1 128 0 0 0 0 0 0 0 0 0
0 120 1 1 12275 52590 48560 28479 23979 29785 34967
0 206 1 1 5263 41415 56456 3366 9051 28653 13936
0 215 1 1 39148 30032 43881 20758 26935 3223 17533
0 287 1 1 47124 6066 41613 19866 4108 25589 38360
0 189 57005 1 45722 27241 55047 15299 24963 31905 44921
0 306 1 1 32898 14875 6166 9071 33770 7060 4875
0 228 1 1 25702 20684 46516 16024 46068 13761 43710
0 224 1 1 9300 22826 24037 64423 14016 5440 42644
0 222 1 1 50246 8120 32666 57138 54685 36833 7452
0 344 1 1 10910 15964 1646 27716 18871 20848 53163
0 77 1 1 29557 53703 63976 6700 8762 30896 3481
0 366 1 1 26041 60629 46503 28445 51008 53698 16118
0 389 1 1 1099 48033 22076 17136 20399 29361 47692
0 174 1 1 20327 30465 36387 41843 18316 28567 48718
0 162 57005 1 56451 48882 1511 15927 47332 46230 33840
0 392 1 1 30774 26346 60829 31541 45004 15692 24024
0 136 1 1 45829 62604 34283 19753 1018 21551 18269
0 223 1 1 39133 43133 47122 10235 7077 62118 23207
0 19 1 1 45401 8038 60194 25762 21687 21690 22699
0 69 1 1 53684 42480 43028 64027 15621 46756 64631
0 94 57005 1 37662 41949 60981 4418 22165 48787 38748
0 91 1 1 30093 61400 60290 54071 65230 716 59754
0 237 1 1 21904 37124 34270 37352 43110 55932 22622
0 103 1 1 8453 3486 39526 39808 61806 28586 37561
0 242 1 1 18309 29331 10461 4142 36544 43553 2541
0 316 1 1 57306 44676 23303 2387 39522 28274 55362
0 47 1 1 1271 61623 56559 26727 13427 53835 62161
0 217 1 1 30506 57559 62652 27773 5716 9751 680
0 5 57005 1 34030 57921 1167 39787 63972 24428 11233
0 340 1 1 63030 21571 17103 40810 42867 52347 29788
0 75 1 1 2700 4147 61260 62061 19684 3562 7869
0 148 1 1 34824 50298 37720 62602 11778 15036 28686
0 260 1 1 64689 27925 13397 3101 22764 11227 59994
0 266 1 1 3814 48738 59433 20518 9268 64754 34310
0 156 1 1 63186 28235 36099 30211 54744 35027 9837
0 196 1 1 39260 17719 38922 34769 61555 46695 55156
0 200 57005 1 50726 53811 35054 13692 37674 43857 50582
0 370 1 1 18173 4323 54823 8700 41543 46925 41933
0 162 1 1 17742 33971 25588 42046 23107 3687 36231
0 178 1 1 17838 1664 40462 42830 2944 53703 22134
0 164 1 1 51879 51997 57981 47910 9369 57847 45062
0 132 1 1 31241 46314 33808 56891 28213 48152 61682
0 352 1 1 24873 3507 39407 15870 18261 6205 35997
0 242 1 1 41299 25324 50595 64831 29908 7858 11034
0 377 1 1 57229 48245 19759 9545 4382 29936 39077
0 339 1 1 18680 64535 59731 34726 11111 37306 26343
0 118 1 1 8200 42112 38687 44172 20653 32292 59089
0 326 1 1 50716 30685 47967 12585 5891 49216 39717
0 135 1 1 49173 49876 12059 45713 33479 14179 40959
0 108 1 1 40276 50012 32506 45587 13222 42017 47393
0 295 1 1 25262 8646 62796 18946 39672 30217 38274
0 108 1 1 51169 28377 40236 44416 19276 36413 46289
0 152 1 1 41272 21421 7735 47544 46320 52463 56623
0 379 1 1 28439 20282 62511 52057 24044 27823 10579
0 171 1 1 63892 60288 64216 18948 52402 28206 4852
0 305 57005 1 41223 46785 44039 7199 3357 26578 61185
0 308 1 1 15296 8530 39107 64849 15562 24221 33885
0 171 1 1 41078 28626 30990 34972 50598 13428 33809
0 81 1 1 8245 43953 64376 53691 34574 22514 54297
0 29 1 1 16564 8309 24777 44214 65055 42233 44835
0 49 1 1 17149 30714 42476 47629 35372 30875 7767
0 19 1 1 5590 33094 64166 1910 56212 31782 21178
0 21 1 1 44133 8522 61921 60196 31856 17704 16266
0 155 1 1 13432 45030 53127 33352 36962 29549 49486
0 64 1 1 9704 23655 2677 44717 60249 60056 40344
0 22 1 1 47342 48316 20751 4679 25968 28778 19842
0 198 1 1 44351 58153 65423 52608 32265 55558 5637
0 283 1 1 50148 25984 53640 15512 28127 41098 24898
0 90 1 1 23508 21789 65255 12911 7659 59307 37778
0 93 1 1 21472 43906 10357 12518 5322 37541 65081
0 273 1 1 47187 40891 38002 33945 23046 53530 49531
0 133 57005 1 49385 47728 45508 56374 58279 7153 6376
0 267 1 1 52404 16589 10219 65062 49565 54604 5491
1 88 0 0 0 0 0 0 0 0 0
0 163 1 1 11415 49320 29998 28817 38146 1524 31246
0 120 57005 1 8942 35328 58180 2174 31769 294 44910
0 377 1 1 45946 50837 54511 12671 33844 60736 29740
0 89 57005 1 59115 61703 10388 6922 45490 39659 11641
0 6 1 1 40943 50309 32802 34418 25017 56221 62613
0 34 1 1 42382 3267 61972 31672 4868 54857 1306
0 352 1 1 5287 33294 7073 33792 46116 2637 31661
0 285 1 1 12239 6264 23902 16781 43426 12896 27361
0 84 1 1 59643 10405 61644 11188 44443 3989 14133
0 58 57005 1 54052 43118 62991 62713 53099 51709 824
0 391 57005 1 38827 57886 3100 3792 16269 59768 42047
0 93 57005 1 26255 18086 54632 27094 56807 60354 64495
0 62 57005 1 6552 13123 17400 7884 24184 29320 22343
0 103 1 1 51514 31850 41499 31054 65360 50103 16993
0 98 1 1 23894 51967 22360 11713 16666 35628 29164
0 46 1 1 48097 23995 41774 50752 30299 26001 28913
0 381 1 1 38238 26436 4421 46363 60140 29750 29372
0 269 1 1 60260 55238 54496 23893 27538 1432 27778
0 180 1 1 58778 39631 15868 63039 33767 52060 46555
0 191 1 1 11112 34728 8046 32694 11476 48224 31057
0 176 1 1 28425 41127 28873 18409 31491 40568 31405
0 214 1 1 15812 14982 65448 10345 9931 9936 22191
0 214 1 1 41247 54735 5889 30330 6830 43534 35225
0 267 1 1 23761 52506 60196 41187 18013 36643 38925
0 143 1 1 60227 38806 39360 27679 27928 6380 28655
0 312 1 1 51494 60478 16167 38163 11262 63054 2184
0 208 1 1 46843 37467 31557 14546 39287 29554 55081
0 393 1 1 22069 45687 18707 64498 23067 2636 55858
0 26 1 1 53127 50406 56397 42466 30463 45573 33009
0 63 1 1 2630 13108 50546 24943 21569 50909 59096
0 58 1 1 55811 56229 22228 45471 48297 22588 20205
0 212 1 1 3993 4137 30562 52918 10761 64570 3957
0 371 1 1 32385 2105 27403 25489 25245 51159 44674
0 231 1 1 60698 41103 25192 56221 14204 34880 22105
0 74 1 1 35027 21767 24309 36798 1669 29617 36050
0 60 1 1 27918 64488 65370 37613 1384 39346 23347
0 226 1 1 36481 59478 56336 46331 17764 64787 31962
0 336 1 1 57386 12581 45328 2727 9018 50931 58555
0 215 57005 1 37783 917 27980 55656 23300 8262 35210
0 24 1 1 10094 28364 51050 39512 1171 64968 16836
0 17 1 1 56637 41397 52712 16088 60523 34612 32440
0 294 1 1 1730 51333 60084 44846 45353 52300 10296
0 364 1 1 45698 52263 61213 17758 52517 30326 54246
0 336 57005 1 55856 31925 21632 27916 57024 34832 56299
0 121 57005 1 47674 1335 48557 63942 64284 65385 58916
0 11 1 1 45986 34412 60232 59256 41766 21827 63412
0 278 1 1 41939 33094 40236 36347 46794 28270 36147
0 99 1 1 13986 30628 49481 48353 10237 38602 41899
0 371 1 1 40058 37189 13371 49315 29702 19856 24547
0 119 1 1 14295 10094 44525 42228 37304 2230 58167
0 184 1 1 5799 33173 62570 27270 14744 30151 12105
0 46 1 1 20675 45304 35878 9774 23593 61189 28428
0 167 1 1 45884 47251 16749 18064 24084 29421 62687
0 164 1 1 28914 29070 51076 36971 33168 41973 28989
0 269 1 1 55760 11056 52266 57951 47549 6888 16672
0 155 1 1 24061 45531 9351 49940 6295 44318 34288
0 65 1 1 7586 18992 25868 26436 20445 8269 31756
0 82 1 1 22378 56248 35076 37423 25578 35703 62076
0 256 1 1 34130 25218 17119 49498 57224 51587 25943
0 246 1 1 58045 21184 34665 39042 59381 54146 43683
0 400 57005 1 15218 51573 53510 40224 1374 23748 43527
0 314 1 1 21801 9241 18165 5886 24602 4906 63091
0 104 1 1 49281 22011 17568 9620 26372 55345 25640
0 296 1 1 22393 32916 3198 60352 45666 37335 38946
0 28 1 1 3737 38185 2797 51341 1415 26210 63136
0 274 1 1 63845 44344 18976 9990 27449 36987 23752
0 85 57005 1 25095 37483 32313 9777 40786 33492 33119
0 231 1 1 40264 47848 59754 4355 36602 5150 52235
0 28 1 1 45979 61685 40634 33796 12137 47411 52362
1 210 0 0 0 0 0 0 0 0 0
0 184 1 1 16609 28255 28707 33423 27655 55651 36516
0 373 1 1 25626 25352 24117 57298 36978 29334 14204
0 65 1 1 28746 3004 5770 34483 4986 13670 47235
0 130 1 1 35066 59325 33000 14603 54901 49105 5876
0 125 1 1 5581 43686 4804 36884 31288 10232 50329
0 126 1 1 9449 11490 32970 25871 27651 46385 37185
0 6 1 1 44802 40334 8220 62905 52704 36608 39352
0 244 57005 1 58243 45819 14402 23389 49052 12722 25792
0 53 1 1 39850 64475 1571 19966 20126 27592 42925
0 222 1 1 4948 32452 7040 30748 46714 36102 19658
0 96 1 1 30647 48112 35989 6121 47106 33410 3017
0 271 1 1 41334 45082 58483 55001 34601 24776 39870
0 275 1 1 40382 18926 22906 22261 45209 2933 59832
0 332 1 1 20903 29555 51082 30774 51360 59261 15797
0 111 57005 1 57689 6360 44035 39385 65439 40411 39705
0 140 1 1 53785 53041 45279 1179 24198 29737 41606
0 362 1 1 25525 43848 10791 53908 62825 47145 12035
0 9 1 1 53960 63910 31647 51176 33901 22974 65306
0 165 1 1 9981 7187 22664 5983 2998 6215 53047
0 11 1 1 31622 23457 64092 18230 25044 44272 27829
0 364 1 1 39494 22520 45753 9154 65512 47758 50647
0 359 1 1 55379 38769 4685 30038 44719 43242 63870
0 227 1 1 63278 48259 42478 65398 56445 18376 59055
0 380 1 1 50539 5201 43216 23907 59626 46323 48234
0 266 1 1 49708 45104 13663 31454 56282 34216 59116
0 55 1 1 15314 29983 48514 34647 3907 49993 42702
0 13 1 1 13513 745 39772 64640 23524 59745 60431
0 320 1 1 49082 54214 24474 23483 61068 17639 40282
0 125 1 1 31500 58979 53535 23263 209 64638 62685
0 4 1 1 55924 20687 52273 30304 64756 22749 42537
0 302 1 1 7131 60592 139 53417 367 3826 36680
0 14 1 1 44142 51049 7856 34073 19706 63429 15913
0 334 1 1 12120 26003 30971 26652 42785 6525 14604
0 310 1 1 15597 13800 36835 52529 20769 33214 21490
0 273 1 1 42921 5182 62526 51098 5087 34795 10065
0 110 1 1 5883 10503 57077 15600 23351 63462 49477
0 149 1 1 32901 14528 64826 355 37620 24090 29073
0 129 1 1 32327 35442 52615 22113 27069 33330 5878
0 65 1 1 51427 48231 29007 1893 29547 15665 28769
0 240 1 1 61405 15914 54408 53619 8521 9834 47772
0 344 57005 1 2921 10881 63119 31006 18657 49417 24544
0 225 1 1 12157 37628 61834 37919 25440 3498 51795
0 56 1 1 4156 47130 33513 17595 37296 27015 43802
0 91 1 1 27847 19941 54985 18013 9641 44847 35679
0 356 1 1 11942 31352 35535 49983 57763 59906 53590
0 82 1 1 12107 19192 52525 42937 7376 4116 41935
0 284 57005 1 5725 10889 18304 47446 8372 42794 56915
0 81 57005 1 32980 14257 781 57886 272 13048 51060
0 270 1 1 26136 19046 31862 41240 30200 56372 46007
0 21 1 1 48075 54048 6035 47243 43956 614 47054
0 217 1 1 49882 43901 52354 31575 266 41599 40366
0 101 1 1 33019 50618 55087 18756 17744 65101 21272
0 29 1 1 64652 53536 27312 13612 27023 57497 19393
0 348 1 1 9275 23779 56527 171 57148 43641 14761
0 365 1 1 58381 43431 63773 36760 53072 50976 63800
0 217 1 1 46226 48899 9758 45090 63625 22775 26366
0 228 1 1 2766 13477 25228 21913 20574 35962 39636
0 355 1 1 19430 35773 63531 47292 27591 45334 14873
0 292 57005 1 65452 11196 37486 51158 15851 11187 40328
0 132 1 1 14805 28424 49610 58320 28063 40874 42662
0 58 57005 1 32905 13081 51307 60396 60688 52825 59950
0 378 57005 1 19440 45130 241 8874 46678 55057 11498
0 301 1 1 32153 17881 48784 53607 61706 50462 3000
0 27 1 1 21616 65466 11992 55054 20551 12725 47611
0 48 1 1 56510 61619 44369 15233 19374 8961 53687
0 257 1 1 32664 32631 59500 37282 7034 44460 52456
0 61 1 1 15811 19092 60271 40588 20589 51541 34021
0 399 57005 1 21729 52508 46668 591 64083 5129 39984
0 119 1 1 53837 43490 20251 23217 3808 2593 22486
0 74 1 1 16181 9546 4124 41228 48609 47202 17142
0 128 1 1 58286 53481 11016 6989 30403 37031 40741
0 192 1 1 46955 13517 45357 61049 8435 55287 15829
0 46 1 1 31901 35251 45210 47930 55964 43696 29014
0 235 1 1 5239 8901 35097 46042 30649 5506 64589
0 375 1 1 51201 51939 59584 24090 3872 39811 14273
0 57 1 1 46252 3972 31077 7572 61706 42738 60913
0 243 1 1 59810 56536 26528 28401 13413 6383 24480
0 92 57005 1 13326 54983 64711 10909 37342 24960 21540
0 233 1 1 63360 36364 24710 59216 61000 21155 23831
0 286 1 1 27930 24227 49847 36500 15955 18078 17756
0 386 1 1 9922 58581 34060 32845 22176 21952 11065
0 244 1 1 40533 39621 37782 17608 27787 64353 16546
0 60 1 1 20353 19655 52272 38763 38610 32584 33314
0 305 1 1 21128 2375 17369 37818 17110 1918 47887
0 384 1 1 55857 24018 57391 47911 61999 820 32797
0 363 1 1 59511 9983 58840 49592 11469 55674 31307
1 247 0 0 0 0 0 0 0 0 0
0 344 1 1 27331 10883 14803 18013 53837 24301 56738
0 166 1 1 56289 23287 3400 36933 51950 39810 18820
0 121 1 1 37870 52312 53388 39267 23958 61342 58813
0 259 1 1 29976 1468 34082 28942 9448 48836 20829
0 83 57005 1 58351 54213 36273 45216 27388 32827 8228
0 306 1 1 50509 15928 33235 24501 53885 49186 41508
0 131 1 1 62762 50016 21858 61199 18385 33587 52448
0 208 1 1 21662 18945 38409 24876 35588 5 60200
0 400 1 1 60583 49263 23260 9201 3571 8522 40150
0 67 57005 1 8234 11828 22780 15117 26639 14469 32004
0 104 1 1 48167 35248 16332 56667 38108 26641 19333
0 98 1 1 11800 47071 36997 9252 55913 65396 39937
0 151 57005 1 52861 20752 50865 27721 39580 64345 22412
0 394 1 1 18256 60560 47140 56550 25112 4476 6638
0 154 1 1 43349 29563 39806 46101 36733 18848 14632
0 143 1 1 50899 38230 62793 62469 19293 15387 43129
0 289 1 1 19263 38087 59311 18163 21533 50188 44248
0 69 1 1 61949 8644 25493 16710 58771 48150 51208
0 242 1 1 48669 15005 6955 53229 45853 15622 40799
0 17 1 1 27360 756 24446 27729 49835 27939 5301
0 40 57005 1 26401 44228 34035 5905 23796 45297 43865
0 14 1 1 2168 21057 6151 26928 53562 6204 15655
0 229 57005 1 50306 38628 8099 24509 27871 20008 26702
0 379 1 1 49375 30821 15882 65467 47359 9698 59971
0 399 1 1 52493 29013 63755 64238 59609 32293 51501
0 148 1 1 46456 61715 60416 20180 59274 22194 7958
0 250 1 1 46429 62981 39062 36945 63334 39184 23329
0 156 1 1 6339 44574 38060 59433 45013 6636 37530
0 165 57005 1 60421 47078 123 17662 44148 34801 14318
0 118 1 1 51876 27742 53809 21609 33740 56656 16907
0 159 1 1 2706 19726 19555 43412 37673 19162 11917
0 111 1 1 17901 59758 22756 55246 32014 60393 50809
0 114 1 1 58956 43009 58195 14576 63260 46792 54611
0 343 1 1 44034 22602 42110 2597 18858 2077 41262
0 359 1 1 28992 7732 56936 9188 20011 4943 45389
0 6 1 1 49629 59878 18162 14787 31947 46896 33958
0 86 1 1 10505 61950 37946 8328 46177 20425 27899
0 275 1 1 2682 6307 14001 8699 20851 65182 15993
0 324 1 1 5591 62431 6427 11875 16456 28322 31755
0 191 1 1 3552 52317 56388 34640 16087 21843 9772
0 364 1 1 45505 3579 54365 45887 43295 15727 10984
0 319 1 1 56578 29576 16596 37008 15293 8640 24287
0 51 1 1 13729 55839 62447 4217 51800 45146 9544
0 242 1 1 23230 48697 9810 8330 55968 35108 19055
0 225 57005 1 47863 28743 51979 18345 5264 60241 6910
0 387 1 1 46902 7016 43268 9507 42779 19634 49953
0 0 1 1 7061 29991 32713 9687 1156 56306 48638
0 390 1 1 24407 49857 5624 11603 1696 45043 51471
0 381 1 1 11153 29385 7052 47064 13884 60705 14494
0 390 1 1 16542 61650 35443 18772 281 20341 42152
0 153 1 1 14467 1905 58008 41564 16205 24307 58940
0 120 57005 1 19414 4136 44888 36447 9369 5027 32343
0 146 1 1 26922 50688 3034 48335 34554 60652 43385
0 233 1 1 36585 320 4614 28234 29231 17585 24878
0 47 1 1 52911 37870 20496 7211 34775 27806 16839
0 144 1 1 38719 42774 45563 49146 24339 51936 65207
0 14 1 1 26334 57931 64631 38238 22944 64724 30851
0 48 1 1 50400 34160 15350 49877 2297 9037 62884
0 303 1 1 9226 36263 57356 11239 55647 7940 10672
0 87 1 1 41351 22908 33541 12787 3930 55899 43951
0 101 1 1 33189 8450 3620 496 10455 34137 19440
0 265 1 1 62751 16475 65130 5094 64627 42409 728
0 160 1 1 19280 11224 64517 63835 3543 41052 41414
0 316 57005 1 58909 59208 37606 29657 54769 4269 2212
0 256 1 1 29445 54021 30445 64292 40674 12671 35766
0 97 57005 1 2636 3977 24345 1402 57773 43101 34954
0 63 1 1 14278 17410 40570 25697 30564 26396 34756
0 322 1 1 2269 17179 49390 16819 38482 43924 42058
0 302 57005 1 37208 15359 41302 5309 37976 40854 39168
0 312 1 1 36884 23069 8203 41750 10664 52282 38255
0 251 1 1 42691 15222 53540 23227 4413 35877 58289
0 251 1 1 18966 47561 62685 53859 18939 55977 50588
0 8 1 1 57640 18648 17082 12238 1794 537 6645
0 175 1 1 45013 41743 18602 49602 27145 43745 8895
0 386 1 1 30797 59194 7138 50905 53395 20175 5246
0 256 1 1 5008 47291 27067 57948 25237 59322 3138
0 65 1 1 40191 62108 10033 28773 61275 3723 9791
0 160 1 1 20644 44637 53361 45217 6787 52985 44404
0 229 1 1 29873 50710 33055 3291 62197 13014 52533
0 41 1 1 51285 2592 21036 22163 4932 3936 36134
1 176 0 0 0 0 0 0 0 0 0
0 235 1 1 50101 59894 9421 42526 24718 48802 25078
0 145 1 1 62166 63197 25274 37794 57934 61721 23066
0 59 1 1 57976 60113 536 56162 25873 52546 4709
0 332 1 1 362 19861 22323 53339 32911 1230 207
0 323 57005 1 20878 15254 47750 49945 62547 4038 12298
0 145 1 1 37592 62765 51378 31498 23693 15921 6794
0 333 1 1 26891 59550 63923 25948 47039 28365 50423
0 157 1 1 8304 51563 7269 62485 63442 58917 17337
0 35 1 1 13195 44527 9693 11408 61433 51714 32131
0 126 1 1 55000 29154 58227 16771 44682 17172 19392
0 244 1 1 4813 28907 1208 50824 37934 60588 63527
0 141 1 1 37916 25182 5729 31204 48129 16455 51175
0 212 1 1 62029 23649 62850 16206 2828 12819 29487
0 287 1 1 30564 17294 33847 25962 35417 22789 54871
0 250 1 1 15906 44576 46619 20430 14466 26390 9584
0 46 1 1 33777 13640 41892 61691 50522 62620 26509
0 39 1 1 7803 13451 48866 58005 60174 27560 57112
0 58 1 1 64814 40918 15359 42576 53731 54201 51481
0 152 1 1 21780 43588 15873 47559 24568 2071 24065
0 380 1 1 41110 22210 12772 26352 61982 18590 41850
0 366 1 1 13870 4706 38256 12430 48179 14480 44668
0 26 1 1 51932 21495 44585 17872 17234 34594 11146
0 92 1 1 42575 29183 41073 58901 41711 7433 51941
0 342 57005 1 53864 12034 10966 44360 10965 36036 20459
0 56 1 1 3081 46397 42214 43074 18079 24355 15104
0 136 1 1 35809 31404 38587 46014 13043 11491 42012
0 287 1 1 18660 57633 33992 45201 51591 14210 17531
0 299 1 1 58808 41500 14950 60805 4967 10206 24126
0 289 1 1 14683 50607 37560 13826 35785 42252 35584
0 107 1 1 33437 38699 51694 4997 18792 46245 40385
0 155 57005 1 61783 28450 47781 18025 60232 30358 6062
0 90 57005 1 31935 48804 14694 24382 64333 331 29171
0 153 1 1 33601 29150 37922 54599 37696 16014 34449
0 66 57005 1 21145 56392 1702 42822 40347 49129 55548
0 0 1 1 9432 62628 41933 44367 65166 19831 49224
0 197 1 1 10006 28790 38457 6539 298 25772 36572
0 256 1 1 23658 39030 22270 61734 7071 58440 50482
0 167 1 1 30755 52631 17650 13720 1970 64088 63027
0 278 1 1 1144 18578 36805 37091 54334 51471 5587
0 291 1 1 32333 8676 1267 17576 222 19434 7446
0 314 1 1 60706 25566 48915 38188 57306 14988 40361
0 322 1 1 46259 60977 44850 54740 55962 1501 30498
0 299 1 1 58472 14587 56775 2092 17738 54827 62866
0 127 1 1 56508 21393 37719 7743 64210 49507 65114
0 55 1 1 45401 8415 58576 52951 37362 40915 54961
0 387 57005 1 20704 4955 54838 42536 36664 50433 2352
0 28 57005 1 3655 8686 20889 35850 30949 28910 3040
0 352 1 1 61214 49752 32607 36024 57175 44246 27195
0 279 1 1 9538 34811 38635 52414 20969 44231 14629
0 298 1 1 13992 43416 2106 9250 45610 42421 29562
0 151 1 1 31157 24577 48070 22338 26670 16062 19040
0 354 1 1 33563 15984 65064 22697 24258 5079 17980
0 388 57005 1 36766 42286 3455 55870 64945 24194 7741
0 297 1 1 39217 825 31127 35829 16289 12958 50697
0 220 1 1 65310 38869 55570 45431 43566 27003 57551
0 269 1 1 44216 60353 21713 283 48437 12535 54684
0 161 1 1 52990 48797 16014 8660 36010 7072 35227
0 257 1 1 265 16023 17970 16529 11515 51203 4857
0 33 57005 1 52479 19458 42047 58176 6605 30047 12701
0 42 1 1 41827 1101 56847 65424 4296 58968 34904
0 241 1 1 61448 53082 28639 30270 45458 56410 56654
0 245 1 1 6618 17778 11730 20354 26540 63982 23539
0 291 1 1 4922 64284 1465 24706 20354 8552 10184
0 265 1 1 48833 63259 36834 44034 30810 1741 400
0 175 1 1 39235 4030 29050 2547 30148 61147 56420
0 62 57005 1 20240 33204 38765 23688 28937 26593 56811
0 301 1 1 55382 49445 63317 38997 2196 25133 52072
0 164 1 1 24336 5182 34519 12645 49772 65453 11891
0 125 57005 1 59320 60443 54668 7787 19934 28168 10283
0 280 1 1 50740 7358 13009 16893 52710 52168 9405
0 76 1 1 50795 51230 59544 23881 5388 8070 53563
0 293 1 1 40632 54235 37064 61649 13021 59048 24687
0 394 1 1 37589 62883 9593 3301 31167 57214 39531
1 43 0 0 0 0 0 0 0 0 0
0 326 1 1 21178 48607 17258 62800 7924 3183 62539
0 255 57005 1 48808 6 59402 17713 57192 63352 37441
0 152 1 1 40273 19794 5842 15362 15400 37079 4927
0 157 1 1 49676 60075 31839 49443 62941 26929 13313
0 148 1 1 60749 56710 46754 18703 9248 34446 59556
0 346 1 1 38493 18969 4109 22711 46418 1502 23230
0 59 1 1 24622 54607 11937 8 43665 8541 29016
0 334 1 1 30759 53253 13556 25195 47050 23265 6952
0 206 1 1 45356 32407 45171 61603 53801 58706 21951
0 83 1 1 63619 26561 9798 43399 61491 38251 33460
0 241 1 1 64211 55240 42351 13858 40100 52777 41360
0 220 1 1 32228 27898 3864 60968 43855 32196 19265
0 167 1 1 30251 36750 2362 44017 27212 25239 9204
0 155 1 1 22622 40146 12204 43530 53719 39171 4031
0 142 1 1 485 60547 11966 26162 52010 15192 17227
0 229 1 1 7047 58054 7156 31305 20198 61176 31557
0 242 1 1 28571 30398 22955 65519 59279 28 50310
0 67 1 1 53272 24956 11891 26988 63412 6358 36427
0 298 57005 1 54643 11286 41473 3110 35553 47828 16896
0 7 1 1 58141 55439 19230 25221 35213 57320 21061
0 94 1 1 26617 62693 14398 42117 45062 5561 20860
0 108 1 1 51668 31433 64714 15292 614 6615 7892
0 168 1 1 41165 59701 62814 31161 43870 37897 3561
0 261 57005 1 12868 26389 3708 9770 44128 8301 61102
0 294 1 1 61157 14092 44870 7885 30402 60387 39897
0 312 1 1 4850 62927 22109 21619 28497 36043 11312
0 396 1 1 26984 63307 40405 47560 41044 48093 20075
0 282 1 1 44864 25376 60174 15568 3682 62421 31833
0 35 57005 1 60655 18500 62370 46332 17198 23129 31897
0 364 1 1 6155 20732 18740 8884 40168 52277 17690
0 374 1 1 18137 48523 4550 39727 33383 20402 336
0 33 1 1 64240 18072 29751 13877 19482 63914 14932
0 17 1 1 13214 48851 62343 14301 21121 15902 41338
0 283 1 1 18817 10123 28007 33240 11154 60274 18265
0 260 1 1 23773 57213 13221 64676 58083 19094 1912
0 286 1 1 27400 9034 19721 26453 12481 10677 27240
0 45 1 1 39824 25569 8996 44492 58683 31266 22656
0 314 1 1 4369 1246 48722 30866 19109 20931 11650
0 48 57005 1 31393 51022 17115 5468 4074 60598 4313
0 229 1 1 26647 38837 36019 62867 52326 54553 59888
0 400 1 1 48117 44262 57267 39402 37092 27286 60996
0 233 57005 1 64017 60488 52483 39667 24787 17581 8393
0 224 1 1 13121 46924 40425 49718 28958 44319 11025
0 108 57005 1 38047 3488 8675 52158 48967 4846 24587
0 314 57005 1 569 11003 62704 20060 7764 1156 58771
0 385 1 1 12907 35617 13724 59781 5038 13735 39085
0 135 1 1 45338 64356 38654 50297 58805 2196 4675
0 269 1 1 56081 22196 58992 55622 38188 49707 11148
0 242 1 1 9156 45618 29814 17878 38519 12285 36199
0 373 1 1 22960 26796 8921 14758 55831 41916 51888
0 168 1 1 62261 38329 31566 24566 64854 2879 2338
0 182 1 1 14534 51464 28643 23056 19375 17613 2305
0 243 1 1 41455 1890 27873 41165 42412 26271 41459
0 243 57005 1 30153 47873 16241 38176 48608 57304 49662
0 61 1 1 33277 45738 31859 5103 46350 57679 15776
0 79 1 1 50383 58052 44020 40126 48233 61083 41968
0 368 1 1 7660 14102 63933 10421 3486 12882 43010
0 311 1 1 5068 31786 5612 46288 62033 43745 41486
0 77 1 1 303 39080 41403 42977 46285 56743 50754
0 347 1 1 19085 7412 24038 56608 13676 12716 29392
0 130 1 1 24311 25960 26950 53373 36927 33042 36236
0 396 1 1 60773 55690 44293 56020 23050 16087 22933
0 162 1 1 36959 64043 19989 63819 59559 12891 2766
0 387 1 1 58763 13175 47913 4739 15378 53881 18939
0 57 1 1 16051 62669 4027 55284 35250 46225 50473
0 211 1 1 26583 7363 56889 4818 55112 57599 28032
0 115 1 1 51020 41741 10350 27493 60841 45352 7508
0 274 1 1 29125 13053 17851 50868 23860 3401 42535
0 223 1 1 30669 42136 2217 12489 33012 9446 47897
0 287 1 1 30344 51923 19373 40870 11291 10806 50293
1 44 0 0 0 0 0 0 0 0 0
0 162 57005 1 11158 50574 38548 4797 34690 29591 10353
0 68 1 1 60757 20340 15061 1596 19414 48909 34994
0 21 1 1 39868 534 34200 10273 37643 42583 54126
0 379 1 1 46441 22542 22300 65332 6790 10088 47367
0 106 57005 1 14668 22935 60741 52004 63599 42899 6390
0 205 1 1 42378 63045 5350 38743 201 46117 7765
0 63 1 1 7665 37798 38347 4768 37296 10038 33761
0 291 1 1 28420 58603 3911 33464 11948 61983 19688
0 315 57005 1 22602 52290 6313 42043 18248 51439 58609
0 105 57005 1 57391 18319 44654 38926 28598 29335 44069
0 21 1 1 7207 9137 5601 16904 61009 57764 6121
0 85 1 1 49423 12068 51257 40297 11536 7287 6937
0 326 1 1 8278 30474 10116 53738 57957 54688 27711
0 11 1 1 54037 2831 32966 4298 28528 19827 12042
0 349 1 1 55151 50499 50307 21285 29871 18479 29908
0 109 1 1 33294 32531 41578 19060 21181 32397 175
0 263 1 1 50731 49277 64071 7555 31280 39916 19506
0 93 1 1 14277 35900 27955 46126 40584 34035 35847
0 84 1 1 9600 19150 38650 22066 60031 6492 64569
0 58 1 1 25132 37083 38240 11157 57985 32060 6408
0 308 1 1 29090 23768 58787 658 49069 15327 63150
0 342 57005 1 30252 50127 62833 61636 14311 60765 22126
0 214 1 1 1641 33333 59685 27373 65218 19793 21108
0 220 1 1 55878 54640 38766 54798 7634 46638 1885
0 286 57005 1 17767 18488 45848 29039 10270 5265 15377
0 262 1 1 3816 3052 31359 3374 35557 48659 2793
0 185 1 1 54008 56877 28551 11502 61502 1822 44719
0 278 1 1 52804 18223 62627 48412 39583 12772 60015
0 15 1 1 35101 34427 22708 59602 7168 12416 34222
0 399 1 1 61858 54936 38431 27366 62212 36578 8603
0 296 1 1 29221 2452 24226 41907 24389 38894 52353
0 367 1 1 65054 42491 38960 33149 13530 4588 59286
0 286 57005 1 6997 44681 43954 51725 28699 24364 41004
0 156 1 1 16941 31856 22064 38003 33647 64864 6323
0 184 1 1 27225 50590 64975 9660 63572 15858 63298
0 115 57005 1 15641 12064 61573 50628 33151 64252 46914
0 126 1 1 61122 38001 45151 17052 46964 64387 53482
0 345 1 1 52568 15549 23240 2263 56084 21818 49609
0 34 1 1 45450 4647 14200 15950 1133 54754 42495
0 327 57005 1 14630 10174 31822 27517 18869 15226 18262
0 87 1 1 57154 41692 48385 58358 27138 12515 30356
0 38 57005 1 1083 29162 42206 64456 49130 36433 30963
0 296 1 1 18118 38991 29257 59327 41422 16633 6621
0 248 1 1 56118 31371 54904 58499 897 56639 7890
0 373 1 1 37107 41890 1356 7679 14373 25202 62933
0 31 1 1 59206 23617 38084 15928 54148 59496 1171
0 357 1 1 13466 43503 25148 58370 5332 10359 17737
0 40 1 1 13131 8335 48381 60642 2358 13790 26497
0 68 1 1 45404 34087 24968 45260 62001 49100 11412
0 42 1 1 24439 1957 2046 42819 37876 62933 31932
0 245 1 1 64617 18064 23224 37479 2786 17660 28607
0 183 1 1 393 28096 58190 45125 12660 12213 10471
0 289 1 1 16419 15310 62888 60645 58287 43762 41178
0 319 1 1 48669 45315 52896 12565 59821 20868 40638
0 384 57005 1 48082 39509 28340 32612 2935 7688 13482
0 313 1 1 53161 9259 65024 38712 19769 3769 43830
0 301 1 1 33324 49888 21470 6047 660 19171 63298
0 85 1 1 44701 55620 55759 54326 17280 20640 12025
0 398 1 1 4856 64991 24035 62555 5664 49800 1948
0 206 1 1 26144 4967 60217 35969 4604 28561 31750
0 345 1 1 12245 32128 55081 37213 49605 26892 10702
0 273 1 1 34710 40791 5201 49752 27131 64557 14486
0 76 1 1 16023 2554 56853 34887 3045 2341 43719
0 191 1 1 31241 61042 28432 17371 15308 2900 36108
0 77 1 1 40981 18235 33441 58357 33212 648 20850
0 159 1 1 14689 19318 59085 27636 5286 10910 31163
0 102 1 1 12920 21227 6082 12322 29227 60197 39647
0 199 1 1 10068 36600 42189 51760 10660 64503 37007
0 225 1 1 12807 42693 61239 56967 8127 7400 302
0 79 1 1 47417 56143 32375 63019 64091 36430 15088
0 100 1 1 2491 47552 50240 2725 58878 21427 44490
1 38 0 0 0 0 0 0 0 0 0
0 341 1 1 33924 666 39668 50036 50165 54847 44109
0 381 1 1 62255 2953 55059 47411 39251 36552 61115
0 287 1 1 25057 21923 45589 48056 17320 43835 58272
0 6 1 1 59416 51389 7478 26842 18973 46009 47792
0 300 1 1 703 34030 29220 47336 14683 38022 9244
0 388 57005 1 16 49402 79 7967 21196 40183 50123
0 143 57005 1 45031 4098 22448 6979 3408 40209 18947
0 337 1 1 24174 59829 35690 13515 2231 16637 62027
0 312 1 1 25594 22626 47005 65229 14995 53039 53606
0 331 1 1 33565 23638 50929 13068 56983 23897 41836
0 76 1 1 43360 64759 9705 8516 64519 63880 45451
0 286 1 1 29247 7154 61610 50962 54625 17400 39123
0 1 1 1 8635 4169 10904 46202 54880 28516 5398
0 272 1 1 22714 44871 58885 28210 13687 12049 30335
0 231 1 1 4076 46707 3309 3527 12984 47891 12105
0 111 1 1 62977 60050 39254 45230 54299 64989 52212
0 355 57005 1 58690 7450 21014 12594 32712 64222 30607
0 65 1 1 15373 2154 31195 7681 31523 16010 61135
0 68 1 1 61776 61324 60696 20284 57584 61818 23444
0 228 57005 1 55141 29720 53781 5900 46944 53672 48990
0 363 1 1 14486 37635 17779 3949 36817 4989 63160
0 27 57005 1 57599 52520 2320 52801 29388 35785 25728
0 11 1 1 63501 25344 23369 21120 56984 2545 61340
0 379 1 1 58433 12301 59373 25359 9593 18137 41337
0 307 1 1 15683 34159 46616 16097 974 4544 63121
0 187 1 1 42371 32735 13323 55711 45599 26470 65010
0 80 1 1 5208 48138 54098 24502 20694 53536 521
0 391 1 1 20652 35473 23491 61179 2694 50417 37741
0 348 1 1 11500 15846 14138 24806 43786 46002 27788
0 146 1 1 37829 19358 5763 39735 12466 32094 40456
0 117 1 1 531 37115 41706 52215 46928 58076 24931
0 138 1 1 29942 9305 27777 57042 60822 54433 49179
0 297 1 1 27433 42024 18850 41893 64228 8023 35314
0 85 57005 1 45131 19884 23025 25535 52367 65395 36866
0 18 1 1 40643 59666 20500 61136 59963 33177 12336
0 0 1 1 27604 38350 33921 52252 57264 12181 4720
0 283 1 1 338 28856 12505 54794 1682 28864 57550
0 308 1 1 51246 16819 61711 42041 28286 50807 54945
0 298 1 1 24822 39937 9867 35225 897 33020 3483
0 192 1 1 49335 51137 62087 23029 65008 30690 32231
0 9 1 1 577 8495 11716 41710 42574 10339 60956
0 304 1 1 16614 53669 670 41342 55194 56911 52072
0 360 1 1 2583 44677 1957 41808 15895 64075 61769
0 357 1 1 59895 5594 46206 7605 55673 6912 47073
0 327 1 1 37503 40248 33640 19165 10666 59824 56742
0 135 1 1 5087 26843 46735 23299 55908 59128 17656
0 33 1 1 50360 43842 43746 39828 31866 37865 54335
0 181 1 1 17918 26309 14990 53284 28060 48307 11851
0 199 57005 1 40463 34999 5010 20578 44586 43771 29879
0 370 1 1 46292 55640 1924 56357 39820 39050 26843
0 123 57005 1 9027 28003 26554 53268 53748 50288 42298
0 29 1 1 38846 50365 48131 42363 29221 44629 61273
0 257 1 1 39567 25500 8513 64093 25498 44467 9815
0 186 1 1 28541 908 46019 43075 1872 36517 54981
0 147 1 1 13144 54997 54821 37088 60052 36846 41282
0 143 1 1 56329 28459 49232 14032 59917 35672 47714
0 293 1 1 56623 3375 55492 29657 43077 50870 5822
0 127 1 1 12387 2955 59195 26663 36223 6198 25443
0 106 57005 1 24363 49001 56955 42342 10179 40420 54712
0 284 1 1 8720 46690 8571 20328 59202 39175 11945
0 9 1 1 32807 4433 5065 2216 26183 12035 22496
0 26 1 1 45712 2203 62410 41767 55669 11926 135
0 315 1 1 5562 62886 53916 32370 51575 28442 22024
0 139 1 1 3761 11344 62197 60653 17120 51340 47752
0 78 1 1 9807 10454 40180 59408 34301 41185 50181
0 22 57005 1 43815 40412 6236 37870 58537 8284 47982
0 290 1 1 59929 34755 10540 22852 49426 59688 39645
0 153 1 1 57501 7030 27152 20172 5270 22004 4619
0 375 57005 1 11519 35091 18165 1129 6886 33989 48890
0 359 1 1 50083 5775 32963 21169 40471 39739 63575
0 325 1 1 16871 40038 36444 55718 42338 49491 22426
0 324 1 1 26965 37593 61850 23105 52374 8349 50843
0 240 57005 1 59539 10528 48358 53805 45682 11028 36531
0 110 1 1 20289 29788 9374 39291 32739 63824 8065
0 44 1 1 29401 16126 3489 26615 19006 18892 18245
0 12 1 1 49007 62420 12669 34386 63297 50111 51495
0 54 1 1 62168 26053 60888 16595 13573 58049 29701
0 177 1 1 7384 62164 18034 65198 58988 9690 58574
0 216 1 1 44094 27762 28830 4850 8904 40554 27580
0 62 1 1 48083 48623 14108 49708 4740 63225 10657
0 175 1 1 20043 17872 65373 21003 50776 10302 22542
0 357 1 1 12243 2828 36394 55302 56186 52975 44087
0 242 1 1 1400 2916 32062 35763 44639 32927 62444
0 91 1 1 12630 61554 5560 34236 36779 52894 39519
1 24 0 0 0 0 0 0 0 0 0
0 78 57005 1 19740 58695 42293 12516 1164 32858 54346
0 44 1 1 51383 3485 34463 28968 32906 10963 28037
0 13 1 1 23 39473 15595 14874 19755 39783 60531
0 369 1 1 13905 16456 15778 50675 64395 40851 54192
0 49 1 1 45868 44183 21114 29186 31464 3889 50604
0 141 1 1 17585 5714 37406 16202 41238 754 35407
0 353 1 1 17028 41270 25349 34601 61261 18146 14220
0 105 1 1 39392 37306 56725 27646 64041 42996 53472
0 380 1 1 58054 15585 10317 58705 34912 35770 18730
0 228 57005 1 33094 45623 36507 37815 63106 34504 63676
0 114 1 1 51548 61035 63232 32147 59700 45150 55476
0 111 57005 1 20146 7625 21363 13932 30740 20029 25961
0 89 1 1 40246 28237 12120 43004 15879 9673 33310
0 240 1 1 8355 47585 30439 24167 58913 22910 12025
0 134 1 1 3264 54435 37180 1979 64093 36289 19554
0 43 1 1 1125 42495 33053 57159 5290 2612 52017
0 234 1 1 28365 11409 32108 52371 3661 58688 43601
0 133 1 1 36920 18503 52413 35901 61304 2687 5479
0 384 1 1 61455 13785 20727 32038 33196 27534 57538
0 279 1 1 9022 41609 16060 36330 43969 34462 9319
0 119 1 1 42779 64501 25504 26648 12571 5602 41955
0 121 1 1 36183 62621 24528 50472 64607 62568 173
0 258 1 1 59746 14947 31122 2650 38575 45141 12252
0 156 1 1 28201 49876 59021 26673 40369 42636 31167
0 133 1 1 56660 425 16986 43913 26561 6426 16321
0 25 57005 1 33571 62897 54453 12780 31352 40185 21912
0 397 1 1 11425 61352 48269 64715 10563 19101 35356
0 29 1 1 13989 63514 53847 36494 56463 30402 56224
0 97 1 1 43482 48682 19182 6589 61001 8495 45241
0 341 1 1 11513 50008 246 40786 65254 32976 16035
0 253 1 1 36793 28062 33786 13910 354 31622 50610
0 110 1 1 16924 25947 30427 64015 35969 4882 55878
0 349 1 1 60059 55065 21296 51480 4875 50294 56470
0 86 1 1 39054 28959 43278 5941 63150 10670 15825
0 252 1 1 46154 43633 9207 48037 54202 46466 43726
0 296 1 1 59915 31718 10413 30072 42491 178 42678
0 102 1 1 61701 1439 63698 35610 8080 36452 15708
0 310 1 1 2186 2881 14964 36830 56004 54711 48888
0 14 1 1 57130 51708 12235 55466 63074 1664 15902
0 242 1 1 32343 1970 52127 49044 65475 3238 48741
0 317 1 1 27130 35728 35813 21344 30221 31498 37407
0 102 1 1 48738 13133 395 33702 30985 5980 40075
0 104 1 1 17086 34953 47522 50786 50061 62369 60559
0 223 1 1 58702 55880 3978 46479 14024 29043 46769
0 143 1 1 15611 21281 20141 29983 44363 31570 34956
0 363 1 1 56058 63692 46184 21576 38598 64767 42382
0 41 1 1 8406 60046 11086 55922 21842 40584 45753
0 180 1 1 19716 25503 29697 59583 31384 49609 29874
0 310 57005 1 53353 54490 19703 9907 40497 3884 36029
0 67 57005 1 3250 8772 51496 25299 31432 38751 34043
0 361 1 1 20739 28033 63197 19240 40720 61062 172
0 27 1 1 8243 63594 63940 50093 62468 38645 17354
0 370 1 1 59146 17191 43125 7425 31833 13582 19260
0 224 1 1 24638 19395 10452 16760 25423 20073 9406
0 285 1 1 58792 42692 41320 21836 9262 58228 60942
0 399 1 1 53616 24236 59336 13732 22790 43498 2022
0 336 1 1 50082 35688 24111 52283 26912 61758 57695
0 128 1 1 32727 62600 22195 34188 31985 17403 15312
0 279 1 1 4875 32999 48610 54510 65273 45069 26160
0 240 1 1 16895 1832 50587 49983 21639 23750 26328
0 12 1 1 11558 48081 50056 44283 15545 41674 12599
0 193 1 1 18449 5294 53506 20066 58590 49619 23644
0 174 1 1 36930 2839 58768 16997 59460 58895 32939
0 69 1 1 41704 9887 2975 7653 38073 185 2347
0 332 1 1 28366 51065 23456 6819 32602 2449 37075
0 143 1 1 28037 59402 30663 5665 28800 26677 35781
0 255 1 1 28201 29479 40778 3508 26844 37409 21749
0 338 1 1 24076 53773 60422 29986 41342 20945 61922
0 45 1 1 48326 21813 27271 52762 47344 44954 14574
0 326 1 1 11303 16881 1681 32647 7006 995 28341
0 71 1 1 11290 65382 56138 20380 36464 11213 62977
0 87 1 1 16385 42634 15795 53379 22310 53071 33325
0 109 1 1 41199 50830 37150 36525 22369 41687 64320
0 366 1 1 16240 6559 41906 29852 34591 15167 47975
0 105 1 1 24915 34567 1566 57408 35958 46107 16204
0 233 1 1 41140 57388 59162 52003 36464 64238 35921
0 261 57005 1 60535 1766 52003 6019 21873 13599 46423
0 354 1 1 47794 57076 33795 53938 46053 33267 60773
0 239 1 1 59512 1375 36976 55166 57054 36858 31994
0 233 1 1 59321 43828 27997 21968 20865 8110 46141
0 167 1 1 54862 39004 12272 34554 56015 30515 35401
0 135 1 1 49348 7657 12923 4575 42499 9314 18054
0 232 1 1 47288 46138 13382 23662 48847 48494 49939
0 211 1 1 20056 40251 44821 28201 59767 32375 5166
0 328 1 1 31183 36447 58902 19805 45786 62705 51287
1 34 0 0 0 0 0 0 0 0 0
0 53 1 1 63206 1558 33938 2746 52559 56887 61624
0 200 1 1 14140 38969 1126 49203 46208 18866 20660
0 256 1 1 38789 2120 26121 4410 56366 38420 8835
0 166 1 1 16162 59010 42201 8749 33146 20939 65477
0 363 1 1 41077 65252 46247 13990 61930 54142 48363
0 115 1 1 4648 15410 18212 19878 59622 23341 51693
0 278 1 1 63836 2209 10150 6633 49307 9514 26443
0 7 1 1 47952 33633 44444 47095 14757 8190 65416
0 308 1 1 44339 21325 8833 11676 59235 33980 51173
0 381 1 1 38997 53628 6644 9890 50918 57263 20360
0 13 1 1 31680 35100 33601 41480 17181 53660 41300
0 218 1 1 34847 859 22562 49595 39195 44572 36071
0 390 57005 1 29146 37139 21340 36697 38854 29884 55293
0 300 1 1 60071 23377 8192 1462 9412 3945 63068
0 225 1 1 32171 38806 52511 14736 25921 35784 39575
0 255 1 1 55486 25021 2052 34896 22674 7934 30722
0 112 57005 1 5987 9425 15549 62404 907 1226 55555
0 54 1 1 54688 53850 31679 20116 54268 18197 59387
0 71 1 1 30019 42817 64044 45431 50928 4978 40144
0 90 1 1 20603 34601 38333 31509 18972 24743 27630
0 130 57005 1 10986 63432 20631 42815 22166 57811 41704
0 217 1 1 16063 49512 49210 32463 53010 17187 34921
0 46 1 1 46472 23568 12028 46757 43820 46856 49093
0 156 1 1 4547 47764 41960 28556 36106 64807 28318
0 208 1 1 12251 25938 29712 3470 12258 9273 24878
0 27 1 1 24632 6292 17027 47318 11226 6611 8141
0 299 1 1 52382 45420 20015 43224 10800 3459 46481
0 29 57005 1 59730 30262 37949 3455 49208 7208 29086
0 131 1 1 62616 12501 9561 47628 62013 7054 41349
0 139 1 1 33246 35763 49608 21603 14227 57095 13168
0 365 1 1 44659 27737 42052 43667 21510 60756 43936
0 20 1 1 21623 58749 790 33781 44778 18385 7161
0 144 57005 1 62268 41254 28847 42888 23928 17425 16550
0 100 1 1 21974 33171 13455 28776 55628 18668 31257
0 377 1 1 54734 43718 20590 62443 28059 53777 53978
0 143 1 1 11821 9467 56541 65319 30545 27738 760
0 337 57005 1 59463 9373 27310 50833 47788 41563 64611
0 325 1 1 22087 37535 57112 48765 38050 13161 10401
0 375 1 1 51948 54043 39777 31510 51829 9623 10868
0 357 57005 1 21006 36414 11800 65044 30885 61158 40348
0 50 1 1 3307 20735 26122 33691 3282 43936 19922
0 95 1 1 3064 21735 49732 21664 57400 49797 8109
0 269 1 1 40540 20134 17515 63384 10390 34364 24439
0 1 1 1 46822 26947 27456 9860 38098 51580 64617
0 187 1 1 60891 40112 399 51863 193 41012 41885
0 273 1 1 44798 3278 53105 20132 39447 20709 46077
0 186 1 1 30137 55003 32115 32602 27748 2100 31540
0 225 1 1 2800 33876 10 12612 24119 50478 4705
0 381 57005 1 13992 2729 61436 10788 30188 4571 14765
0 349 1 1 57671 42355 40676 57357 8358 28934 31447
0 219 1 1 9714 28291 21550 62059 49016 54281 35925
0 317 1 1 44397 14631 6935 8292 27864 54744 51300
0 370 1 1 28257 7649 1142 55157 62621 36988 59661
0 41 1 1 64044 11871 42184 11726 33006 55884 227
0 332 1 1 27822 4527 18964 8380 24965 18523 61295
0 383 57005 1 8054 9325 38101 41422 60402 25073 47938
0 234 1 1 17643 21286 24415 28392 24505 1382 43041
0 125 1 1 12480 3497 6159 5951 47361 53830 11180
0 244 1 1 45135 26921 50381 65290 26691 63552 36003
0 133 1 1 1481 7688 49590 65034 29264 6654 7326
0 367 1 1 290 6771 32666 54467 30379 32538 16020
0 144 1 1 21888 7765 42370 54325 37758 55825 45005
0 336 1 1 54649 18186 22384 7932 14121 39156 56892
0 69 1 1 14766 20556 50675 36285 46729 50206 18915
0 387 1 1 57320 25999 36669 43244 27614 35924 3227
0 264 1 1 13000 17899 29362 14140 21872 64565 5985
0 112 1 1 64931 32338 2119 45379 64565 40272 64602
0 385 1 1 50115 36198 48600 65330 20198 57993 41500
0 269 1 1 3219 4577 58142 20878 17695 30024 63535
0 17 1 1 35172 23952 64963 42308 54731 24413 48741
0 385 1 1 14243 29261 42481 31289 61276 827 23594
0 385 57005 1 7928 42015 38526 34532 2862 50062 7442
0 345 1 1 65266 589 42730 53285 59733 17603 9008
0 271 1 1 43305 46776 12025 18004 50039 8630 3839
0 170 1 1 42628 17827 52291 6406 33573 28311 49573
0 86 1 1 62966 57383 6894 65020 7202 2934 35112
0 92 1 1 11499 3851 9227 28981 59327 6492 49985
1 243 0 0 0 0 0 0 0 0 0
0 371 57005 1 57477 48757 47580 947 52369 36657 44417
0 201 57005 1 31614 17496 27761 31729 57528 46907 27662
0 242 1 1 49039 48143 46124 15322 50841 49279 26646
0 397 57005 1 9264 45750 38195 6125 33046 5017 63007
0 333 1 1 51215 44083 11075 20822 44370 51840 58456
0 179 1 1 24205 6416 14592 62757 10854 61243 35795
0 316 1 1 53851 34882 42949 42025 49585 14459 52690
0 119 1 1 2760 28245 26353 40481 23642 29558 24194
0 320 1 1 37381 19128 62318 2377 10399 748 40663
0 384 1 1 24487 35769 5452 42835 28828 16657 51918
0 231 1 1 10103 63442 1255 442 841 4574 21081
0 204 1 1 36442 55018 51274 56043 64258 31647 5124
0 320 1 1 27992 15204 50239 53894 42623 10126 26748
0 240 1 1 62792 62310 34953 40382 11796 41040 30764
0 392 57005 1 19165 30078 39793 4291 20520 15366 43277
0 354 1 1 52269 52128 10486 58165 41989 26538 8425
0 364 1 1 48411 63891 28194 40906 4702 53343 24515
0 291 1 1 25260 34385 32540 1772 29117 40334 24566
0 243 1 1 33303 29186 39500 30549 43009 24942 39943
0 8 1 1 21445 30028 32756 50033 47186 45687 36335
0 78 57005 1 14983 53558 19736 52865 44883 3152 64454
0 243 1 1 19017 26276 59227 28213 5948 29979 22645
0 69 57005 1 31312 23900 49352 21522 13511 28432 33193
0 370 57005 1 470 37367 11150 59879 14919 58619 28997
0 350 1 1 30463 14310 13433 7123 14335 39471 43577
0 273 1 1 26571 16726 34276 53050 22903 30267 22659
0 53 1 1 4981 6027 39266 38254 21527 62532 28616
0 150 1 1 45718 135 43261 57581 32927 17608 58041
0 19 1 1 3209 24228 54787 6160 62337 57500 56163
0 133 1 1 23759 55716 45195 43953 51091 3053 47652
0 85 1 1 48037 30028 32391 18642 50228 24864 30758
0 137 1 1 44852 64493 7855 7310 9039 32177 16382
0 86 1 1 27912 7899 45254 12950 13802 34752 43235
0 81 1 1 25170 57470 29610 37802 31054 13765 17544
0 312 1 1 42972 11161 64991 10933 46185 62075 1992
0 15 1 1 61898 30878 62038 9623 47298 23916 40171
0 334 1 1 25495 62853 9074 13168 19212 53652 58229
0 324 1 1 55043 132 37469 14196 3134 22293 30051
0 164 1 1 53133 52442 20598 49556 18123 60201 45236
0 203 57005 1 24050 62636 57518 64111 35803 38854 62152
0 31 1 1 37308 30120 25103 37247 9603 39288 21957
0 152 1 1 52630 24628 17458 3890 46761 44690 7853
0 323 1 1 13643 16385 1705 13924 46313 56644 10794
0 161 1 1 60416 58568 28866 45468 6279 23055 60276
0 153 1 1 59509 33167 20229 16353 20395 1319 20934
0 291 1 1 59057 27220 49667 31623 49408 53023 26502
0 226 1 1 40217 20228 12985 54935 59815 61196 33030
0 233 1 1 53053 59141 34602 54499 21357 11446 3500
0 39 1 1 49164 37814 40396 22435 59421 52836 53058
0 287 1 1 5357 61599 18465 15658 54685 21794 64782
0 312 1 1 26791 61865 23380 53581 48959 1290 18392
0 124 1 1 14863 36442 25072 51274 60328 14766 17373
0 234 1 1 44613 48361 54429 986 59760 23630 20604
0 88 1 1 3355 55963 43506 34433 10503 6445 45577
0 299 1 1 18778 19102 45672 37691 36404 9966 29486
0 289 1 1 38229 6217 25203 13609 44097 6532 10629
0 52 1 1 11522 52168 37925 30906 44171 21088 47768
0 263 1 1 47607 15728 60581 45374 50112 3925 59341
0 360 57005 1 38692 47200 52624 4119 60754 64400 20311
0 328 1 1 2462 27365 19930 20055 22122 54346 8298
0 300 1 1 57517 7622 26977 43912 18951 61131 64334
0 256 1 1 25201 47227 21166 46854 23817 8530 13241
0 381 1 1 20728 55609 34576 54025 61678 48666 27221
0 284 1 1 56991 43221 2316 8140 49502 49955 18965
0 286 57005 1 35046 31659 27061 62102 46542 4403 9308
0 21 1 1 11715 58979 17997 13588 15045 20687 54423
0 358 1 1 8008 27623 26824 26737 4170 40259 46030
0 356 57005 1 18699 59679 8556 7976 54254 52941 12681
0 272 1 1 56399 6558 6752 35904 48137 50274 61130
0 226 1 1 35079 42927 8698 61781 30051 44747 16663
1 4 0 0 0 0 0 0 0 0 0
0 251 1 1 29337 34302 52129 55642 35162 9581 58555
0 141 1 1 23027 4949 45566 9046 57021 44531 58009
0 269 1 1 63068 13058 36953 3634 58222 57343 63762
0 180 1 1 62538 1076 33406 18855 57397 21623 42503
0 326 1 1 56424 19506 54031 28943 6833 17461 61829
0 324 1 1 38101 49507 34843 22405 64483 43213 26858
0 31 1 1 55462 16498 11977 3131 33818 12411 41355
0 71 1 1 10390 56585 3471 17075 28907 22962 11390
0 177 1 1 40765 22918 17718 22498 33681 60877 9026
0 16 1 1 54743 31224 36807 12188 52285 13141 51354
0 23 1 1 42178 44832 35400 1800 9119 52970 36510
0 325 1 1 28297 56886 36892 42187 1826 37976 51379
0 272 1 1 5949 48212 61087 2904 949 33802 9705
0 129 1 1 33647 29017 28613 2112 51035 22560 56826
0 188 1 1 8978 3833 25143 52586 38481 31703 26242
0 371 1 1 7601 17317 842 50344 62959 36010 38415
0 7 1 1 36008 10401 30544 14863 44167 13610 28992
0 272 57005 1 29224 11606 21309 24993 40914 45364 49661
0 315 1 1 3040 11780 64756 7125 57811 57483 5350
0 197 1 1 62174 14420 38405 35358 59689 59158 25805
0 20 1 1 49721 60298 43010 22950 7421 13782 59226
0 210 1 1 28149 624 6275 25237 38635 57240 57704
0 188 1 1 8651 17368 28538 24527 59038 3991 35256
0 254 1 1 31903 39759 63585 24239 44271 17387 54898
0 103 1 1 61381 12994 23933 54481 59943 31017 59317
0 114 1 1 61205 28903 57774 62094 64766 11618 6062
0 400 1 1 25343 50119 36707 1452 25988 31252 64489
0 244 1 1 50045 36711 18416 16590 16092 61041 37177
0 58 1 1 59305 16796 19004 42975 1150 37018 40531
0 21 1 1 53757 15232 34125 61242 1465 14775 60394
0 395 1 1 52435 1908 35882 33556 42265 36834 55008
0 333 1 1 11808 52747 56776 61294 2714 545 38716
0 323 1 1 51879 24217 24106 60962 11925 24380 6418
0 254 1 1 26737 44159 54192 39891 25702 21161 15546
0 180 1 1 5903 11654 55500 45920 34501 12878 138
0 229 1 1 48342 36252 21436 55975 52696 3190 30905
0 362 1 1 41198 32719 19112 47444 32881 64943 52047
0 60 1 1 53867 629 50928 64954 46872 44612 4951
0 355 1 1 6550 34717 10080 45845 20256 27720 48385
0 45 1 1 5977 46486 62799 12555 20321 29482 28566
0 224 1 1 63232 3499 30577 5135 37937 32710 62681
0 353 1 1 23272 14988 14240 45211 34842 39200 3879
0 147 1 1 61849 63023 33264 36522 2908 55178 49048
0 357 1 1 62659 12867 16179 56551 51908 50528 38818
0 165 1 1 5159 26050 12286 460 47572 14341 4593
0 310 1 1 16641 51507 17881 62430 61202 14155 33204
0 313 1 1 21382 64466 10151 22165 15232 18774 1607
0 14 1 1 49049 5992 28367 2886 21231 60794 30555
0 35 1 1 38494 33202 35683 47899 55812 57933 56865
0 351 57005 1 38181 28932 29443 62256 20004 11108 13495
0 26 1 1 3080 46697 60746 43391 4038 46044 28688
0 237 1 1 5847 20625 58444 49061 62180 49136 16496
0 184 1 1 61298 63788 47582 7979 2569 54973 18968
0 324 1 1 57600 39756 57949 10217 38082 12311 10378
0 297 1 1 43739 12047 52118 4088 35810 2546 40015
0 58 1 1 49373 55499 36689 57064 43427 63070 61050
0 261 1 1 22043 49082 22970 3485 45658 11892 797
0 57 1 1 34313 31415 43858 43636 23531 64289 24975
0 166 1 1 42025 35614 58660 7506 16634 3285 40505
0 182 1 1 61288 1481 45731 57410 36404 22048 14045
0 151 57005 1 42938 41042 11037 34717 33028 13931 53969
0 60 1 1 47729 56819 15320 37610 54531 28492 38154
0 18 1 1 35701 25517 7821 57315 34942 16031 59074
0 108 1 1 62873 13768 28793 38794 12486 3327 53610
0 347 1 1 20675 2502 28392 14237 36332 27883 50751
0 316 1 1 61018 10190 16861 8644 63442 4410 32511
0 369 1 1 38852 48353 18974 47640 38405 60596 23986
0 200 1 1 42044 25810 34339 29438 10299 9173 18933
0 142 1 1 44999 3163 45613 10799 5721 59871 29442
0 116 1 1 62335 54357 11949 47591 49587 14128 44058
0 114 1 1 52291 64150 57300 14494 33605 10887 32663
0 173 1 1 46387 15230 5461 7323 8218 42914 56744
0 296 57005 1 48614 61089 3308 64185 17097 54594 12712
0 128 1 1 60528 61357 32000 45510 33060 32042 2806
0 325 57005 1 13696 11980 15392 52373 5149 32582 3062
0 386 1 1 39519 4926 14066 27052 10707 13051 17515
0 342 1 1 26403 49673 3483 2819 46059 14620 16195
0 26 1 1 27469 40192 8683 46474 25489 46463 32184
1 45 0 0 0 0 0 0 0 0 0
0 5 1 1 52153 34994 304 62022 9405 62551 51784
0 30 1 1 41962 29461 86 4018 2131 96 15772
0 76 1 1 6528 4612 25454 29138 46372 40661 53871
0 27 1 1 28371 20138 37938 46904 26373 7239 20854
0 3 1 1 20211 32416 38116 43766 29437 46558 54159
0 263 1 1 20473 32582 12298 18628 16575 23267 40451
0 298 1 1 30399 58190 53645 48993 62820 44674 53242
0 270 57005 1 57421 38743 22739 17833 17216 39782 10022
0 3 1 1 25268 17396 3251 46679 59599 53891 29445
0 228 1 1 26163 11835 51442 34987 17293 26532 1144
0 7 57005 1 38015 61891 23478 36747 50369 23670 36342
0 206 1 1 18471 48962 35628 42463 25678 54665 22959
0 398 1 1 2202 53085 56587 27259 64922 56752 20603
0 108 1 1 33020 31608 25664 64011 9056 34832 46315
0 6 1 1 21667 28731 7715 45431 63637 47432 34471
0 60 1 1 40609 26018 12221 50781 45358 10546 50331
0 291 1 1 27332 50249 12561 18041 24949 40270 24548
0 3 1 1 53613 9450 8546 6578 41118 47701 65224
0 365 1 1 9794 5784 13605 4919 47892 64627 61910
0 96 57005 1 12895 32935 28305 56990 49523 36848 51246
0 343 1 1 5540 41020 7748 33412 55343 48319 58650
0 129 1 1 30660 16550 28554 5107 39452 36105 28313
0 168 1 1 673 64827 38058 30323 12272 12014 59004
0 359 57005 1 22316 31241 10205 38971 32677 11904 22701
0 315 1 1 47906 23063 45193 24397 29031 47051 61568
0 89 1 1 33646 9662 64335 57763 7125 51690 13773
0 237 1 1 31862 12222 23755 61421 12867 42265 41440
0 392 1 1 17406 51614 41842 12620 49310 12797 15420
0 31 1 1 51845 53701 48312 54493 57516 26712 45843
0 390 1 1 45489 35090 14111 62922 57127 54812 57335
0 314 1 1 4072 15968 13703 44278 16383 22904 14544
0 65 1 1 60696 42767 34056 22177 43900 57668 29616
0 106 1 1 1114 32534 46688 10858 19856 34194 26092
0 345 1 1 13269 34603 1536 1714 57365 55280 17961
0 173 1 1 298 39587 7432 63138 15095 45844 32339
0 220 1 1 74 2404 30079 7292 21927 56431 4354
0 124 1 1 18508 12345 56490 59608 14879 62045 43736
0 71 1 1 30334 65008 4459 27613 56712 7476 43558
0 13 1 1 49636 53329 56957 30454 52270 58636 29233
0 63 1 1 61893 37944 20403 50060 26208 19459 29240
0 183 1 1 28315 24030 44488 25904 33267 51107 28140
0 198 1 1 65429 1881 64192 1783 9203 26716 19404
0 361 1 1 59465 20692 63443 63632 32552 52285 51789
0 256 57005 1 60069 43557 14604 56382 5107 60330 10234
0 208 1 1 36615 40858 34313 26703 60790 19405 19283
0 290 57005 1 64614 60722 10732 2781 64502 38762 63225
0 280 1 1 9643 4184 36942 31491 1455 52278 36051
0 275 57005 1 4871 14410 8297 53481 65143 1421 12416
0 66 1 1 5887 40846 42139 50933 1775 52439 39268
0 372 1 1 64568 35173 16859 50142 16765 35687 14658
0 311 1 1 53475 52552 18281 14886 46318 49105 54126
0 183 1 1 27199 21307 1716 8293 18665 38396 12658
0 243 1 1 52649 38446 8880 63640 16340 2002 39807
0 311 57005 1 47098 40050 13407 32793 64926 17232 30946
0 60 1 1 4270 12142 39528 32670 47967 19210 17191
0 343 1 1 59991 41547 17462 63922 35266 53592 31777
0 310 1 1 12759 38080 18285 256 58988 61219 23748
0 229 1 1 59697 1693 27540 56270 16622 61833 39803
0 337 1 1 65254 25740 14385 59413 60764 21302 57629
0 199 1 1 10395 16076 33609 46614 63 56205 55919
0 285 1 1 21252 65058 4521 14361 49437 47367 62674
0 113 1 1 48218 36035 21952 3657 27643 8287 26240
0 122 1 1 9838 18294 27025 54108 42916 12209 58119
0 106 1 1 15925 45991 27060 21127 6436 16119 35907
0 61 57005 1 28451 36695 53298 46487 34591 48692 38950
0 166 57005 1 46275 51096 4946 37561 34845 41962 59286
0 361 1 1 59764 28023 1646 23907 17134 60117 34943
0 298 1 1 49193 9322 22767 65045 63017 38062 48273
0 347 1 1 48696 19316 47159 53928 21696 19536 42850
0 41 1 1 57610 39662 58040 43237 31006 28741 48749
0 306 1 1 21102 54797 54343 12355 60448 48257 30990
1 40 0 0 0 0 0 0 0 0 0
0 350 1 1 31507 54574 34292 17562 1244 47935 46873
0 213 1 1 9996 28982 14898 45102 43114 1533 7232
0 15 1 1 12751 19789 20019 36541 42687 2070 3504
0 378 1 1 21069 28383 63166 10818 17740 34255 27215
0 222 57005 1 47373 38171 40197 50743 8802 8622 51443
0 224 1 1 58522 46365 14169 16205 40405 63354 37427
0 186 1 1 41984 16280 27766 56725 32368 59154 50603
0 28 1 1 11910 7335 12655 19066 30508 22784 34903
0 189 1 1 65414 1600 21589 32111 20572 34821 13952
0 323 1 1 929 12512 25471 63864 65190 22317 31579
0 192 1 1 25555 714 44482 27485 12402 12207 1603
0 231 1 1 14266 38213 41170 51501 14232 6147 654
0 250 1 1 21340 12359 12613 15767 10858 42999 34354
0 105 1 1 28453 47264 644 41290 128 18755 52493
0 90 1 1 32484 28427 42761 14613 20906 53501 57962
0 335 1 1 26764 59688 5269 59904 59527 10775 9449
0 315 1 1 61891 45834 41798 43446 57016 30838 49277
0 325 1 1 25187 22020 6366 3144 2423 39095 23681
0 32 1 1 35703 15808 26870 33408 43574 38764 35586
0 255 1 1 59021 44922 58429 20160 15742 51149 39008
0 344 1 1 38858 14490 51386 47854 57315 9794 417
0 148 1 1 43245 4779 17076 63401 53926 38077 38477
0 114 1 1 22881 45691 32345 49243 44780 6868 42960
0 186 1 1 37397 50121 51595 28502 19142 58480 13683
0 315 1 1 8479 65508 54032 30245 63726 38900 24830
0 246 1 1 23202 1735 38982 54925 23260 19807 9885
0 64 57005 1 18951 64991 33212 60777 5500 7622 20040
0 203 1 1 7493 62187 63250 61209 37821 49568 36676
0 307 1 1 7215 11895 12806 12603 60219 52410 52868
0 126 1 1 29870 44515 36625 35741 36763 63778 2061
0 173 1 1 38025 31907 20770 16549 34782 24049 6044
0 226 1 1 44953 14078 31608 30400 61228 24121 62816
0 16 1 1 9487 38158 60157 10905 43804 33432 4392
0 160 1 1 21099 46555 29459 12363 44111 10306 4572
0 298 1 1 46526 58051 11652 30339 60564 5067 12006
0 365 1 1 34747 53892 41848 43707 52067 32294 36859
0 291 1 1 49429 2893 31066 32780 62999 54060 28308
0 85 1 1 52102 40072 34850 37767 23873 20227 11870
0 153 1 1 57038 21021 20581 64528 35695 39327 15784
0 263 1 1 27044 33304 13170 61203 50286 3948 28075
0 269 1 1 23180 8303 15649 11455 51482 11125 23134
0 278 1 1 9646 12644 402 11375 45501 28431 51841
0 168 1 1 39713 61224 56681 52083 10438 40277 18012
0 203 1 1 24905 54933 25749 24374 65285 16998 26723
0 76 1 1 26228 22635 42695 42990 12388 53935 60201
0 156 1 1 64216 11137 64351 27382 25083 35096 53985
0 348 1 1 51356 42249 32096 30412 62500 4303 64627
0 347 1 1 9223 54770 51950 61738 32890 28655 8076
0 32 1 1 38445 5021 54556 59625 24976 35022 21652
0 231 1 1 41229 52860 21478 40726 41096 16093 19208
0 205 57005 1 24544 26986 7004 16291 14254 26908 3080
0 385 1 1 9635 1179 43098 52998 32305 47425 33249
0 168 57005 1 49009 42107 36147 3645 16510 61484 26658
0 231 1 1 19766 4951 29582 16374 10067 28580 46084
0 228 1 1 24693 7978 24698 26654 38848 3567 17021
0 167 1 1 9897 53083 28267 3475 59108 24601 54115
0 17 1 1 42098 65012 45602 61243 5126 52888 12541
0 119 1 1 9100 42692 48298 31974 64413 55452 35419
0 288 1 1 17786 2775 51754 64323 21512 27544 63990
0 43 1 1 31365 3648 29327 32763 40316 18087 42655
0 314 57005 1 7453 2784 14156 2118 14052 33657 56847
0 31 1 1 46016 51972 60526 26772 51717 6184 43693
0 194 57005 1 13438 59953 57010 8505 59022 8507 55249
0 287 1 1 14968 18590 30749 18112 13387 32694 57607
0 80 57005 1 61662 46017 13710 59682 25363 8900 55915
0 247 57005 1 34778 58465 22778 32225 47051 6321 59151
0 334 1 1 3665 13919 7492 65270 59454 18209 22899
0 369 1 1 49990 23585 63497 44394 63161 53968 58019
0 114 1 1 60506 2910 37502 55732 10078 23892 14024
0 386 1 1 64646 49091 63819 23187 53046 9460 18263
0 245 1 1 57922 62122 8683 4286 23736 62694 9830
0 319 1 1 53761 24777 43197 50085 38107 29613 39352
0 390 1 1 17937 639 1660 19956 17348 4383 40460
0 315 1 1 36248 26343 33063 5175 58228 21610 44506
1 51 0 0 0 0 0 0 0 0 0
0 382 57005 1 55937 57451 6708 27587 58835 24180 54962
0 87 1 1 19277 46075 19553 10133 15153 33542 56832
0 54 1 1 58108 47778 24402 61590 48140 12261 38125
0 268 1 1 35366 42752 21362 15641 21596 59250 38889
0 243 57005 1 10049 32267 24478 2482 5969 2208 16560
0 46 1 1 37929 23164 33957 61528 57954 8837 23143
0 74 1 1 10388 24821 41691 2468 18325 23030 18527
0 388 1 1 15623 41417 51348 60644 53388 42970 42519
0 144 1 1 15255 40426 53805 13949 52395 49332 39379
0 0 1 1 5599 9630 22226 47237 27391 7550 61824
0 285 1 1 58131 54869 34495 30925 6533 35118 16566
0 349 1 1 54868 64494 65087 49720 34112 39439 22831
0 183 1 1 40762 16969 4343 58584 50654 21911 1938
0 298 1 1 18330 40848 24701 15411 54491 63094 45453
0 314 1 1 16456 47702 27749 39333 15436 21510 42326
0 251 1 1 22491 29177 10979 6921 7008 22811 37878
0 342 1 1 58523 25127 19284 19270 23366 38299 3437
0 338 1 1 63383 39035 39748 41976 28513 16931 52583
0 192 1 1 17306 29343 13927 8421 9500 29581 12447
0 386 57005 1 793 36634 51872 40437 24167 63855 48811
0 73 1 1 14398 31225 16156 51227 29255 54612 44585
0 72 1 1 30282 4941 17981 32392 2450 9498 50855
0 16 1 1 57869 5080 55132 41711 65487 27633 37796
0 5 57005 1 21632 59913 58580 8207 40593 47848 34214
0 279 1 1 39549 23191 52537 8553 51488 34396 35719
0 165 1 1 25835 58433 11087 7506 56887 24120 22666
0 342 1 1 58429 59838 50187 47972 87 26097 57841
0 299 57005 1 34944 63601 28328 28848 59758 22235 13595
0 15 1 1 7652 48570 63206 41014 18745 19454 6359
0 226 1 1 27393 5350 7196 56210 63566 12319 62575
0 240 1 1 30020 54785 47057 33114 31452 17774 433
0 224 1 1 27973 35747 56212 39063 8154 49853 9009
0 48 1 1 56477 46626 26467 51988 53399 29430 19787
0 338 57005 1 38299 34380 7585 44271 59579 29402 13639
0 385 1 1 48506 63890 63156 41427 29636 38613 30374
0 99 1 1 11175 29508 47001 34673 23390 53599 3079
0 38 57005 1 42885 12238 55663 18066 51224 32024 42569
0 138 1 1 20454 39656 18421 12838 44522 5333 33682
0 358 1 1 56425 25055 65125 40797 46895 44644 48103
0 49 57005 1 51365 24325 47281 15529 59503 26292 23731
0 325 1 1 39272 30946 54760 8936 55463 43410 40611
0 204 1 1 34227 31562 49711 34798 30062 34926 31657
0 57 1 1 19008 55631 20072 5815 13908 48754 12561
0 328 1 1 32860 35268 35351 43322 31088 52028 17812
0 21 1 1 15989 51802 26171 26298 5214 41074 9289
0 389 1 1 29967 12581 33030 30687 47015 60223 37378
0 379 57005 1 64577 61496 14685 35385 44442 50826 10543
0 187 1 1 26768 59347 31410 47713 9902 57683 29481
0 67 1 1 24801 58170 43956 8954 12366 63720 35526
0 375 1 1 39366 54828 27269 1118 59115 59259 2221
0 156 1 1 10437 7301 10867 38570 8967 6691 23902
0 351 1 1 14856 3922 36749 24350 10444 18040 54782
0 278 1 1 35448 275 39882 8957 22779 11755 32750
0 28 1 1 35279 33711 45021 53788 24340 48790 30312
0 117 1 1 10579 19101 37852 47755 64950 49391 33860
0 216 1 1 33524 38940 61928 61479 45164 13714 20882
0 149 1 1 34024 9925 57487 15048 16909 51386 29438
0 61 1 1 30180 61673 29236 37668 4283 22764 2905
0 370 1 1 14412 36638 15472 19245 21064 24772 13485
0 304 1 1 57555 4971 10046 28408 35552 51405 61601
0 67 1 1 31920 27570 65471 10300 64326 31211 37978
0 242 57005 1 61756 56869 31678 41371 33826 36388 51918
0 186 1 1 902 44777 46843 38056 35 49826 40111
0 227 1 1 707 65272 9189 27456 9143 33797 3092
0 194 1 1 60723 49114 31071 31555 65242 21705 63968
0 376 1 1 26723 10205 50162 31224 30390 10274 63125
0 135 1 1 62008 44807 6929 35728 22384 60875 62792
0 74 1 1 43126 37673 2189 16773 37200 16768 19843
0 196 57005 1 19084 169 24996 51040 58641 56174 9919
0 245 1 1 13979 15847 1685 334 30099 39011 33893
0 260 1 1 20521 36062 52722 14191 21377 11050 16429
0 30 1 1 2584 33062 34708 12434 44065 47186 42054
0 48 1 1 34537 16560 43098 2460 608 61355 5496
0 68 57005 1 61222 48717 55791 20566 28795 30376 31993
0 189 1 1 9605 51765 40244 37354 528 33129 21195
0 142 1 1 44442 9743 7674 54364 48361 8023 64029
0 219 1 1 63634 10854 37425 46194 26143 59635 62861
1 191 0 0 0 0 0 0 0 0 0
0 90 1 1 30075 35157 9174 26109 18565 32598 28178
0 260 1 1 15010 41518 49481 12186 6908 31549 44358
0 189 57005 1 32349 22597 26284 14174 22348 38524 44124
0 224 1 1 63531 2154 58634 16729 14934 14210 22023
0 358 1 1 62469 16573 29849 38529 23243 37800 7137
0 262 1 1 23109 10440 56905 14332 6267 2664 18125
0 173 1 1 39346 13645 32419 59450 13686 27621 48863
0 42 1 1 16207 34000 40755 51224 17318 22240 31488
0 127 1 1 9503 25495 34413 41749 4800 53677 15139
0 281 1 1 600 2429 50934 26977 37411 55843 50985
0 355 1 1 22871 33516 41088 61172 22726 9288 40280
0 265 1 1 40952 3348 37944 21852 39984 1009 23989
0 218 1 1 36793 44750 7982 7054 40041 50194 13665
0 275 1 1 5315 41090 60040 25072 52840 6879 3931
0 85 1 1 12414 39476 24677 25885 14532 17271 61790
0 315 1 1 4975 20030 55542 20150 54552 56812 27013
0 102 1 1 33490 54104 61702 21417 12993 73 20540
0 323 1 1 24486 54605 54270 26916 53370 38363 56307
0 311 1 1 37801 18470 44498 59974 46662 30745 62290
0 34 1 1 5233 28526 10314 23641 65249 18791 41538
0 138 1 1 50121 60727 52614 34995 53009 5577 61239
0 349 1 1 44667 23798 5841 10411 46787 22843 34217
0 38 1 1 6951 41450 3945 56438 31621 37682 61446
0 185 1 1 4646 3310 35344 51219 49696 54348 65166
0 262 1 1 63114 16050 29529 12171 6255 48274 44280
0 335 1 1 11523 55969 36318 43755 44095 37484 9027
0 141 57005 1 17530 62766 25898 64888 45967 4457 24347
0 180 1 1 50427 48877 20592 39762 14361 47473 47020
0 202 57005 1 29115 27933 33244 27768 10408 51710 42224
0 339 57005 1 37562 33122 61077 30835 53574 43300 10013
0 355 57005 1 27214 8780 16300 30829 61248 50078 36857
0 270 1 1 53002 38771 33308 26712 44065 41178 19578
0 242 57005 1 7834 19676 42107 37264 61501 50848 52040
0 285 57005 1 17796 41 16821 48644 58909 59716 3635
0 250 57005 1 48261 14279 790 29241 42235 27470 47936
0 140 1 1 37109 14267 41253 28970 12388 30681 11164
0 164 1 1 59275 58805 31647 19309 56911 3840 11439
0 167 1 1 30578 14697 18108 5577 1635 62084 47709
0 107 1 1 63499 18543 6060 37845 36557 22289 44090
0 38 1 1 7562 50669 64707 45064 41252 51166 41303
0 372 1 1 58127 36944 51587 20352 5398 30527 6670
0 75 1 1 46178 44967 64113 62804 43605 65044 38355
0 107 1 1 59300 59317 30863 7511 39562 7439 29933
0 7 1 1 47226 62854 63637 62935 63042 49404 38329
0 30 1 1 26305 60088 27036 62448 47931 61162 14450
0 170 1 1 48153 16183 8120 59235 1311 48038 44758
0 123 1 1 8624 41123 18611 3494 50047 35581 24348
0 334 1 1 642 50355 7565 10046 29866 43381 41184
0 107 1 1 3620 7256 24115 36071 1536 61565 18064
0 69 1 1 44352 39593 38476 3613 52349 56732 49394
0 270 57005 1 14668 1780 20215 33603 21859 10237 26817
0 293 1 1 56483 58270 46410 17877 59403 56772 61241
0 157 1 1 34841 243 62813 59672 11365 11096 47044
0 194 1 1 39433 27421 34224 63972 48154 49825 37895
0 43 57005 1 34363 61285 31751 64652 3226 29777 19352
0 135 1 1 3000 58920 56796 55683 39286 449 29741
0 15 1 1 8683 62440 65061 6307 46216 59114 13863
0 186 1 1 21494 48007 7987 23752 57477 23590 64013
0 74 1 1 23922 9694 45483 60024 65129 37354 63559
0 223 1 1 43857 64401 4855 39747 6420 9673 32493
0 111 1 1 31674 11717 23166 52813 36384 34375 17498
0 119 1 1 43833 23143 62360 31536 27524 64881 8025
0 216 1 1 53780 6591 47955 28510 8621 3432 58963
0 285 57005 1 7664 23445 58822 13384 54689 38515 20606
0 299 1 1 35031 12479 61473 34620 32756 7089 35795
0 182 1 1 53978 21390 18175 22672 18064 11624 29123
0 17 1 1 8198 18442 37975 51295 28825 20376 26453
0 75 1 1 17276 61635 56652 9910 18179 53229 38068
0 110 57005 1 39835 33513 15443 34275 45761 18442 45678
0 265 1 1 32924 9172 30721 63459 2220 6780 52029
0 124 1 1 45531 32591 17843 35547 10834 1370 2361
0 333 1 1 1600 6802 46576 49550 8719 28250 20391
0 302 1 1 50759 44718 59277 59205 26402 25260 57187
